document,method,path,status,mcp_family,capability,rule
admin/bootstrap-instance.mdx,POST,/api/v1/admin/bootstrap,intentionally_omitted,server.bootstrap,admin.bootstrap,admin-bootstrap-omitted
alicloud-auth/attach.mdx,POST,/api/v1/auth/alicloud-auth/identities/{identityId},intentionally_omitted,identityAliCloudAuth,identityAliCloudAuth.admin,alicloud-auth-omitted
alicloud-auth/login.mdx,POST,/api/v1/auth/alicloud-auth/login,intentionally_omitted,identityAliCloudAuth,identityAliCloudAuth.admin,alicloud-auth-omitted
alicloud-auth/retrieve.mdx,GET,/api/v1/auth/alicloud-auth/identities/{identityId},intentionally_omitted,identityAliCloudAuth,identityAliCloudAuth.admin,alicloud-auth-omitted
alicloud-auth/revoke.mdx,DELETE,/api/v1/auth/alicloud-auth/identities/{identityId},intentionally_omitted,identityAliCloudAuth,identityAliCloudAuth.admin,alicloud-auth-omitted
alicloud-auth/update.mdx,PATCH,/api/v1/auth/alicloud-auth/identities/{identityId},intentionally_omitted,identityAliCloudAuth,identityAliCloudAuth.admin,alicloud-auth-omitted
app-connections/1password/available.mdx,GET,/api/v1/app-connections/1password/available,superseded,appConnections,appConnections.read,app-connections-provider-availability-superseded
app-connections/1password/create.mdx,POST,/api/v1/app-connections/1password,intentionally_omitted,appConnections,appConnections.otherProviders.admin,app-connections-other-providers-omitted
app-connections/1password/delete.mdx,DELETE,/api/v1/app-connections/1password/{connectionId},intentionally_omitted,appConnections,appConnections.otherProviders.admin,app-connections-other-providers-omitted
app-connections/1password/get-by-id.mdx,GET,/api/v1/app-connections/1password/{connectionId},superseded,appConnections,appConnections.read,app-connections-provider-id-read-superseded
app-connections/1password/get-by-name.mdx,GET,/api/v1/app-connections/1password/connection-name/{connectionName},superseded,appConnections,appConnections.read,app-connections-provider-name-read-superseded
app-connections/1password/list.mdx,GET,/api/v1/app-connections/1password,superseded,appConnections,appConnections.read,app-connections-provider-list-superseded
app-connections/1password/update.mdx,PATCH,/api/v1/app-connections/1password/{connectionId},intentionally_omitted,appConnections,appConnections.otherProviders.admin,app-connections-other-providers-omitted
app-connections/auth0/available.mdx,GET,/api/v1/app-connections/auth0/available,superseded,appConnections,appConnections.read,app-connections-provider-availability-superseded
app-connections/auth0/create.mdx,POST,/api/v1/app-connections/auth0,intentionally_omitted,appConnections,appConnections.otherProviders.admin,app-connections-other-providers-omitted
app-connections/auth0/delete.mdx,DELETE,/api/v1/app-connections/auth0/{connectionId},intentionally_omitted,appConnections,appConnections.otherProviders.admin,app-connections-other-providers-omitted
app-connections/auth0/get-by-id.mdx,GET,/api/v1/app-connections/auth0/{connectionId},superseded,appConnections,appConnections.read,app-connections-provider-id-read-superseded
app-connections/auth0/get-by-name.mdx,GET,/api/v1/app-connections/auth0/connection-name/{connectionName},superseded,appConnections,appConnections.read,app-connections-provider-name-read-superseded
app-connections/auth0/list.mdx,GET,/api/v1/app-connections/auth0,superseded,appConnections,appConnections.read,app-connections-provider-list-superseded
app-connections/auth0/update.mdx,PATCH,/api/v1/app-connections/auth0/{connectionId},intentionally_omitted,appConnections,appConnections.otherProviders.admin,app-connections-other-providers-omitted
app-connections/aws/available.mdx,GET,/api/v1/app-connections/aws/available,superseded,appConnections,appConnections.read,app-connections-provider-availability-superseded
app-connections/aws/create.mdx,POST,/api/v1/app-connections/aws,intentionally_omitted,appConnections,appConnections.otherProviders.admin,app-connections-other-providers-omitted
app-connections/aws/delete.mdx,DELETE,/api/v1/app-connections/aws/{connectionId},intentionally_omitted,appConnections,appConnections.otherProviders.admin,app-connections-other-providers-omitted
app-connections/aws/get-by-id.mdx,GET,/api/v1/app-connections/aws/{connectionId},superseded,appConnections,appConnections.read,app-connections-provider-id-read-superseded
app-connections/aws/get-by-name.mdx,GET,/api/v1/app-connections/aws/connection-name/{connectionName},superseded,appConnections,appConnections.read,app-connections-provider-name-read-superseded
app-connections/aws/list.mdx,GET,/api/v1/app-connections/aws,superseded,appConnections,appConnections.read,app-connections-provider-list-superseded
app-connections/aws/update.mdx,PATCH,/api/v1/app-connections/aws/{connectionId},intentionally_omitted,appConnections,appConnections.otherProviders.admin,app-connections-other-providers-omitted
app-connections/azure-adcs/available.mdx,GET,/api/v1/app-connections/azure-adcs/available,superseded,appConnections,appConnections.read,app-connections-provider-availability-superseded
app-connections/azure-adcs/create.mdx,POST,/api/v1/app-connections/azure-adcs,intentionally_omitted,appConnections,appConnections.otherProviders.admin,app-connections-other-providers-omitted
app-connections/azure-adcs/delete.mdx,DELETE,/api/v1/app-connections/azure-adcs/{connectionId},intentionally_omitted,appConnections,appConnections.otherProviders.admin,app-connections-other-providers-omitted
app-connections/azure-adcs/get-by-id.mdx,GET,/api/v1/app-connections/azure-adcs/{connectionId},superseded,appConnections,appConnections.read,app-connections-provider-id-read-superseded
app-connections/azure-adcs/get-by-name.mdx,GET,/api/v1/app-connections/azure-adcs/connection-name/{connectionName},superseded,appConnections,appConnections.read,app-connections-provider-name-read-superseded
app-connections/azure-adcs/list.mdx,GET,/api/v1/app-connections/azure-adcs,superseded,appConnections,appConnections.read,app-connections-provider-list-superseded
app-connections/azure-adcs/update.mdx,PATCH,/api/v1/app-connections/azure-adcs/{connectionId},intentionally_omitted,appConnections,appConnections.otherProviders.admin,app-connections-other-providers-omitted
app-connections/azure-app-configuration/available.mdx,GET,/api/v1/app-connections/azure-app-configuration/available,superseded,appConnections,appConnections.read,app-connections-provider-availability-superseded
app-connections/azure-app-configuration/create.mdx,POST,/api/v1/app-connections/azure-app-configuration,intentionally_omitted,appConnections,appConnections.otherProviders.admin,app-connections-other-providers-omitted
app-connections/azure-app-configuration/delete.mdx,DELETE,/api/v1/app-connections/azure-app-configuration/{connectionId},intentionally_omitted,appConnections,appConnections.otherProviders.admin,app-connections-other-providers-omitted
app-connections/azure-app-configuration/get-by-id.mdx,GET,/api/v1/app-connections/azure-app-configuration/{connectionId},superseded,appConnections,appConnections.read,app-connections-provider-id-read-superseded
app-connections/azure-app-configuration/get-by-name.mdx,GET,/api/v1/app-connections/azure-app-configuration/connection-name/{connectionName},superseded,appConnections,appConnections.read,app-connections-provider-name-read-superseded
app-connections/azure-app-configuration/list.mdx,GET,/api/v1/app-connections/azure-app-configuration,superseded,appConnections,appConnections.read,app-connections-provider-list-superseded
app-connections/azure-app-configuration/update.mdx,PATCH,/api/v1/app-connections/azure-app-configuration/{connectionId},intentionally_omitted,appConnections,appConnections.otherProviders.admin,app-connections-other-providers-omitted
app-connections/azure-client-secret/available.mdx,GET,/api/v1/app-connections/azure-client-secrets/available,superseded,appConnections,appConnections.read,app-connections-provider-availability-superseded
app-connections/azure-client-secret/create.mdx,POST,/api/v1/app-connections/azure-client-secrets,intentionally_omitted,appConnections,appConnections.otherProviders.admin,app-connections-other-providers-omitted
app-connections/azure-client-secret/delete.mdx,DELETE,/api/v1/app-connections/azure-client-secrets/{connectionId},intentionally_omitted,appConnections,appConnections.otherProviders.admin,app-connections-other-providers-omitted
app-connections/azure-client-secret/get-by-id.mdx,GET,/api/v1/app-connections/azure-client-secrets/{connectionId},superseded,appConnections,appConnections.read,app-connections-provider-id-read-superseded
app-connections/azure-client-secret/get-by-name.mdx,GET,/api/v1/app-connections/azure-client-secrets/connection-name/{connectionName},superseded,appConnections,appConnections.read,app-connections-provider-name-read-superseded
app-connections/azure-client-secret/list.mdx,GET,/api/v1/app-connections/azure-client-secrets,superseded,appConnections,appConnections.read,app-connections-provider-list-superseded
app-connections/azure-client-secret/update.mdx,PATCH,/api/v1/app-connections/azure-client-secrets/{connectionId},intentionally_omitted,appConnections,appConnections.otherProviders.admin,app-connections-other-providers-omitted
app-connections/azure-devops/available.mdx,GET,/api/v1/app-connections/azure-devops/available,superseded,appConnections,appConnections.read,app-connections-provider-availability-superseded
app-connections/azure-devops/create.mdx,POST,/api/v1/app-connections/azure-devops,intentionally_omitted,appConnections,appConnections.otherProviders.admin,app-connections-other-providers-omitted
app-connections/azure-devops/delete.mdx,DELETE,/api/v1/app-connections/azure-devops/{connectionId},intentionally_omitted,appConnections,appConnections.otherProviders.admin,app-connections-other-providers-omitted
app-connections/azure-devops/get-by-id.mdx,GET,/api/v1/app-connections/azure-devops/{connectionId},superseded,appConnections,appConnections.read,app-connections-provider-id-read-superseded
app-connections/azure-devops/get-by-name.mdx,GET,/api/v1/app-connections/azure-devops/connection-name/{connectionName},superseded,appConnections,appConnections.read,app-connections-provider-name-read-superseded
app-connections/azure-devops/list.mdx,GET,/api/v1/app-connections/azure-devops,superseded,appConnections,appConnections.read,app-connections-provider-list-superseded
app-connections/azure-devops/update.mdx,PATCH,/api/v1/app-connections/azure-devops/{connectionId},intentionally_omitted,appConnections,appConnections.otherProviders.admin,app-connections-other-providers-omitted
app-connections/azure-entra-id/available.mdx,GET,/api/v1/app-connections/azure-entra-id/available,superseded,appConnections,appConnections.read,app-connections-provider-availability-superseded
app-connections/azure-entra-id/create.mdx,POST,/api/v1/app-connections/azure-entra-id,intentionally_omitted,appConnections,appConnections.otherProviders.admin,app-connections-other-providers-omitted
app-connections/azure-entra-id/delete.mdx,DELETE,/api/v1/app-connections/azure-entra-id/{connectionId},intentionally_omitted,appConnections,appConnections.otherProviders.admin,app-connections-other-providers-omitted
app-connections/azure-entra-id/get-by-id.mdx,GET,/api/v1/app-connections/azure-entra-id/{connectionId},superseded,appConnections,appConnections.read,app-connections-provider-id-read-superseded
app-connections/azure-entra-id/get-by-name.mdx,GET,/api/v1/app-connections/azure-entra-id/connection-name/{connectionName},superseded,appConnections,appConnections.read,app-connections-provider-name-read-superseded
app-connections/azure-entra-id/list.mdx,GET,/api/v1/app-connections/azure-entra-id,superseded,appConnections,appConnections.read,app-connections-provider-list-superseded
app-connections/azure-entra-id/update.mdx,PATCH,/api/v1/app-connections/azure-entra-id/{connectionId},intentionally_omitted,appConnections,appConnections.otherProviders.admin,app-connections-other-providers-omitted
app-connections/azure-key-vault/available.mdx,GET,/api/v1/app-connections/azure-key-vault/available,superseded,appConnections,appConnections.read,app-connections-provider-availability-superseded
app-connections/azure-key-vault/create.mdx,POST,/api/v1/app-connections/azure-key-vault,intentionally_omitted,appConnections,appConnections.otherProviders.admin,app-connections-other-providers-omitted
app-connections/azure-key-vault/delete.mdx,DELETE,/api/v1/app-connections/azure-key-vault/{connectionId},intentionally_omitted,appConnections,appConnections.otherProviders.admin,app-connections-other-providers-omitted
app-connections/azure-key-vault/get-by-id.mdx,GET,/api/v1/app-connections/azure-key-vault/{connectionId},superseded,appConnections,appConnections.read,app-connections-provider-id-read-superseded
app-connections/azure-key-vault/get-by-name.mdx,GET,/api/v1/app-connections/azure-key-vault/connection-name/{connectionName},superseded,appConnections,appConnections.read,app-connections-provider-name-read-superseded
app-connections/azure-key-vault/list.mdx,GET,/api/v1/app-connections/azure-key-vault,superseded,appConnections,appConnections.read,app-connections-provider-list-superseded
app-connections/azure-key-vault/update.mdx,PATCH,/api/v1/app-connections/azure-key-vault/{connectionId},intentionally_omitted,appConnections,appConnections.otherProviders.admin,app-connections-other-providers-omitted
app-connections/bitbucket/available.mdx,GET,/api/v1/app-connections/bitbucket/available,superseded,appConnections,appConnections.read,app-connections-provider-availability-superseded
app-connections/bitbucket/create.mdx,POST,/api/v1/app-connections/bitbucket,intentionally_omitted,appConnections,appConnections.otherProviders.admin,app-connections-other-providers-omitted
app-connections/bitbucket/delete.mdx,DELETE,/api/v1/app-connections/bitbucket/{connectionId},intentionally_omitted,appConnections,appConnections.otherProviders.admin,app-connections-other-providers-omitted
app-connections/bitbucket/get-by-id.mdx,GET,/api/v1/app-connections/bitbucket/{connectionId},superseded,appConnections,appConnections.read,app-connections-provider-id-read-superseded
app-connections/bitbucket/get-by-name.mdx,GET,/api/v1/app-connections/bitbucket/connection-name/{connectionName},superseded,appConnections,appConnections.read,app-connections-provider-name-read-superseded
app-connections/bitbucket/list.mdx,GET,/api/v1/app-connections/bitbucket,superseded,appConnections,appConnections.read,app-connections-provider-list-superseded
app-connections/bitbucket/update.mdx,PATCH,/api/v1/app-connections/bitbucket/{connectionId},intentionally_omitted,appConnections,appConnections.otherProviders.admin,app-connections-other-providers-omitted
app-connections/camunda/available.mdx,GET,/api/v1/app-connections/camunda/available,superseded,appConnections,appConnections.read,app-connections-provider-availability-superseded
app-connections/camunda/create.mdx,POST,/api/v1/app-connections/camunda,intentionally_omitted,appConnections,appConnections.otherProviders.admin,app-connections-other-providers-omitted
app-connections/camunda/delete.mdx,DELETE,/api/v1/app-connections/camunda/{connectionId},intentionally_omitted,appConnections,appConnections.otherProviders.admin,app-connections-other-providers-omitted
app-connections/camunda/get-by-id.mdx,GET,/api/v1/app-connections/camunda/{connectionId},superseded,appConnections,appConnections.read,app-connections-provider-id-read-superseded
app-connections/camunda/get-by-name.mdx,GET,/api/v1/app-connections/camunda/connection-name/{connectionName},superseded,appConnections,appConnections.read,app-connections-provider-name-read-superseded
app-connections/camunda/list.mdx,GET,/api/v1/app-connections/camunda,superseded,appConnections,appConnections.read,app-connections-provider-list-superseded
app-connections/camunda/update.mdx,PATCH,/api/v1/app-connections/camunda/{connectionId},intentionally_omitted,appConnections,appConnections.otherProviders.admin,app-connections-other-providers-omitted
app-connections/checkly/available.mdx,GET,/api/v1/app-connections/checkly/available,superseded,appConnections,appConnections.read,app-connections-provider-availability-superseded
app-connections/checkly/create.mdx,POST,/api/v1/app-connections/checkly,intentionally_omitted,appConnections,appConnections.otherProviders.admin,app-connections-other-providers-omitted
app-connections/checkly/delete.mdx,DELETE,/api/v1/app-connections/checkly/{connectionId},intentionally_omitted,appConnections,appConnections.otherProviders.admin,app-connections-other-providers-omitted
app-connections/checkly/get-by-id.mdx,GET,/api/v1/app-connections/checkly/{connectionId},superseded,appConnections,appConnections.read,app-connections-provider-id-read-superseded
app-connections/checkly/get-by-name.mdx,GET,/api/v1/app-connections/checkly/connection-name/{connectionName},superseded,appConnections,appConnections.read,app-connections-provider-name-read-superseded
app-connections/checkly/list.mdx,GET,/api/v1/app-connections/checkly,superseded,appConnections,appConnections.read,app-connections-provider-list-superseded
app-connections/checkly/update.mdx,PATCH,/api/v1/app-connections/checkly/{connectionId},intentionally_omitted,appConnections,appConnections.otherProviders.admin,app-connections-other-providers-omitted
app-connections/chef/available.mdx,GET,/api/v1/app-connections/chef/available,superseded,appConnections,appConnections.read,app-connections-provider-availability-superseded
app-connections/chef/create.mdx,POST,/api/v1/app-connections/chef,intentionally_omitted,appConnections,appConnections.otherProviders.admin,app-connections-other-providers-omitted
app-connections/chef/delete.mdx,DELETE,/api/v1/app-connections/chef/{connectionId},intentionally_omitted,appConnections,appConnections.otherProviders.admin,app-connections-other-providers-omitted
app-connections/chef/get-by-id.mdx,GET,/api/v1/app-connections/chef/{connectionId},superseded,appConnections,appConnections.read,app-connections-provider-id-read-superseded
app-connections/chef/get-by-name.mdx,GET,/api/v1/app-connections/chef/connection-name/{connectionName},superseded,appConnections,appConnections.read,app-connections-provider-name-read-superseded
app-connections/chef/list.mdx,GET,/api/v1/app-connections/chef,superseded,appConnections,appConnections.read,app-connections-provider-list-superseded
app-connections/chef/update.mdx,PATCH,/api/v1/app-connections/chef/{connectionId},intentionally_omitted,appConnections,appConnections.otherProviders.admin,app-connections-other-providers-omitted
app-connections/circleci/available.mdx,GET,/api/v1/app-connections/circleci/available,superseded,appConnections,appConnections.read,app-connections-provider-availability-superseded
app-connections/circleci/create.mdx,POST,/api/v1/app-connections/circleci,intentionally_omitted,appConnections,appConnections.otherProviders.admin,app-connections-other-providers-omitted
app-connections/circleci/delete.mdx,DELETE,/api/v1/app-connections/circleci/{connectionId},intentionally_omitted,appConnections,appConnections.otherProviders.admin,app-connections-other-providers-omitted
app-connections/circleci/get-by-id.mdx,GET,/api/v1/app-connections/circleci/{connectionId},superseded,appConnections,appConnections.read,app-connections-provider-id-read-superseded
app-connections/circleci/get-by-name.mdx,GET,/api/v1/app-connections/circleci/connection-name/{connectionName},superseded,appConnections,appConnections.read,app-connections-provider-name-read-superseded
app-connections/circleci/list.mdx,GET,/api/v1/app-connections/circleci,superseded,appConnections,appConnections.read,app-connections-provider-list-superseded
app-connections/circleci/update.mdx,PATCH,/api/v1/app-connections/circleci/{connectionId},intentionally_omitted,appConnections,appConnections.otherProviders.admin,app-connections-other-providers-omitted
app-connections/cloudflare/available.mdx,GET,/api/v1/app-connections/cloudflare/available,superseded,appConnections,appConnections.read,app-connections-provider-availability-superseded
app-connections/cloudflare/create.mdx,POST,/api/v1/app-connections/cloudflare,intentionally_omitted,appConnections,appConnections.otherProviders.admin,app-connections-other-providers-omitted
app-connections/cloudflare/delete.mdx,DELETE,/api/v1/app-connections/cloudflare/{connectionId},intentionally_omitted,appConnections,appConnections.otherProviders.admin,app-connections-other-providers-omitted
app-connections/cloudflare/get-by-id.mdx,GET,/api/v1/app-connections/cloudflare/{connectionId},superseded,appConnections,appConnections.read,app-connections-provider-id-read-superseded
app-connections/cloudflare/get-by-name.mdx,GET,/api/v1/app-connections/cloudflare/connection-name/{connectionName},superseded,appConnections,appConnections.read,app-connections-provider-name-read-superseded
app-connections/cloudflare/list.mdx,GET,/api/v1/app-connections/cloudflare,superseded,appConnections,appConnections.read,app-connections-provider-list-superseded
app-connections/cloudflare/update.mdx,PATCH,/api/v1/app-connections/cloudflare/{connectionId},intentionally_omitted,appConnections,appConnections.otherProviders.admin,app-connections-other-providers-omitted
app-connections/databricks/available.mdx,GET,/api/v1/app-connections/databricks/available,superseded,appConnections,appConnections.read,app-connections-provider-availability-superseded
app-connections/databricks/create.mdx,POST,/api/v1/app-connections/databricks,intentionally_omitted,appConnections,appConnections.otherProviders.admin,app-connections-other-providers-omitted
app-connections/databricks/delete.mdx,DELETE,/api/v1/app-connections/databricks/{connectionId},intentionally_omitted,appConnections,appConnections.otherProviders.admin,app-connections-other-providers-omitted
app-connections/databricks/get-by-id.mdx,GET,/api/v1/app-connections/databricks/{connectionId},superseded,appConnections,appConnections.read,app-connections-provider-id-read-superseded
app-connections/databricks/get-by-name.mdx,GET,/api/v1/app-connections/databricks/connection-name/{connectionName},superseded,appConnections,appConnections.read,app-connections-provider-name-read-superseded
app-connections/databricks/list.mdx,GET,/api/v1/app-connections/databricks,superseded,appConnections,appConnections.read,app-connections-provider-list-superseded
app-connections/databricks/update.mdx,PATCH,/api/v1/app-connections/databricks/{connectionId},intentionally_omitted,appConnections,appConnections.otherProviders.admin,app-connections-other-providers-omitted
app-connections/dbt/available.mdx,GET,/api/v1/app-connections/dbt/available,superseded,appConnections,appConnections.read,app-connections-provider-availability-superseded
app-connections/dbt/create.mdx,POST,/api/v1/app-connections/dbt,intentionally_omitted,appConnections,appConnections.otherProviders.admin,app-connections-other-providers-omitted
app-connections/dbt/delete.mdx,DELETE,/api/v1/app-connections/dbt/{connectionId},intentionally_omitted,appConnections,appConnections.otherProviders.admin,app-connections-other-providers-omitted
app-connections/dbt/get-by-id.mdx,GET,/api/v1/app-connections/dbt/{connectionId},superseded,appConnections,appConnections.read,app-connections-provider-id-read-superseded
app-connections/dbt/get-by-name.mdx,GET,/api/v1/app-connections/dbt/connection-name/{connectionName},superseded,appConnections,appConnections.read,app-connections-provider-name-read-superseded
app-connections/dbt/list.mdx,GET,/api/v1/app-connections/dbt,superseded,appConnections,appConnections.read,app-connections-provider-list-superseded
app-connections/dbt/update.mdx,PATCH,/api/v1/app-connections/dbt/{connectionId},intentionally_omitted,appConnections,appConnections.otherProviders.admin,app-connections-other-providers-omitted
app-connections/devin/available.mdx,GET,/api/v1/app-connections/devin/available,superseded,appConnections,appConnections.read,app-connections-provider-availability-superseded
app-connections/devin/create.mdx,POST,/api/v1/app-connections/devin,intentionally_omitted,appConnections,appConnections.otherProviders.admin,app-connections-other-providers-omitted
app-connections/devin/delete.mdx,DELETE,/api/v1/app-connections/devin/{connectionId},intentionally_omitted,appConnections,appConnections.otherProviders.admin,app-connections-other-providers-omitted
app-connections/devin/get-by-id.mdx,GET,/api/v1/app-connections/devin/{connectionId},superseded,appConnections,appConnections.read,app-connections-provider-id-read-superseded
app-connections/devin/get-by-name.mdx,GET,/api/v1/app-connections/devin/connection-name/{connectionName},superseded,appConnections,appConnections.read,app-connections-provider-name-read-superseded
app-connections/devin/list.mdx,GET,/api/v1/app-connections/devin,superseded,appConnections,appConnections.read,app-connections-provider-list-superseded
app-connections/devin/update.mdx,PATCH,/api/v1/app-connections/devin/{connectionId},intentionally_omitted,appConnections,appConnections.otherProviders.admin,app-connections-other-providers-omitted
app-connections/digicert/available.mdx,GET,/api/v1/app-connections/digicert/available,superseded,appConnections,appConnections.read,app-connections-provider-availability-superseded
app-connections/digicert/create.mdx,POST,/api/v1/app-connections/digicert,intentionally_omitted,appConnections,appConnections.otherProviders.admin,app-connections-other-providers-omitted
app-connections/digicert/delete.mdx,DELETE,/api/v1/app-connections/digicert/{connectionId},intentionally_omitted,appConnections,appConnections.otherProviders.admin,app-connections-other-providers-omitted
app-connections/digicert/get-by-id.mdx,GET,/api/v1/app-connections/digicert/{connectionId},superseded,appConnections,appConnections.read,app-connections-provider-id-read-superseded
app-connections/digicert/get-by-name.mdx,GET,/api/v1/app-connections/digicert/connection-name/{connectionName},superseded,appConnections,appConnections.read,app-connections-provider-name-read-superseded
app-connections/digicert/list.mdx,GET,/api/v1/app-connections/digicert,superseded,appConnections,appConnections.read,app-connections-provider-list-superseded
app-connections/digicert/update.mdx,PATCH,/api/v1/app-connections/digicert/{connectionId},intentionally_omitted,appConnections,appConnections.otherProviders.admin,app-connections-other-providers-omitted
app-connections/digital-ocean/available.mdx,GET,/api/v1/app-connections/digital-ocean/available,superseded,appConnections,appConnections.read,app-connections-provider-availability-superseded
app-connections/digital-ocean/create.mdx,POST,/api/v1/app-connections/digital-ocean,intentionally_omitted,appConnections,appConnections.otherProviders.admin,app-connections-other-providers-omitted
app-connections/digital-ocean/delete.mdx,DELETE,/api/v1/app-connections/digital-ocean/{connectionId},intentionally_omitted,appConnections,appConnections.otherProviders.admin,app-connections-other-providers-omitted
app-connections/digital-ocean/get-by-id.mdx,GET,/api/v1/app-connections/digital-ocean/{connectionId},superseded,appConnections,appConnections.read,app-connections-provider-id-read-superseded
app-connections/digital-ocean/get-by-name.mdx,GET,/api/v1/app-connections/digital-ocean/connection-name/{connectionName},superseded,appConnections,appConnections.read,app-connections-provider-name-read-superseded
app-connections/digital-ocean/list.mdx,GET,/api/v1/app-connections/digital-ocean,superseded,appConnections,appConnections.read,app-connections-provider-list-superseded
app-connections/digital-ocean/update.mdx,PATCH,/api/v1/app-connections/digital-ocean/{connectionId},intentionally_omitted,appConnections,appConnections.otherProviders.admin,app-connections-other-providers-omitted
app-connections/doppler/available.mdx,GET,/api/v1/app-connections/doppler/available,superseded,appConnections,appConnections.read,app-connections-provider-availability-superseded
app-connections/doppler/create.mdx,POST,/api/v1/app-connections/doppler,intentionally_omitted,appConnections,appConnections.otherProviders.admin,app-connections-other-providers-omitted
app-connections/doppler/delete.mdx,DELETE,/api/v1/app-connections/doppler/{connectionId},intentionally_omitted,appConnections,appConnections.otherProviders.admin,app-connections-other-providers-omitted
app-connections/doppler/get-by-id.mdx,GET,/api/v1/app-connections/doppler/{connectionId},superseded,appConnections,appConnections.read,app-connections-provider-id-read-superseded
app-connections/doppler/get-by-name.mdx,GET,/api/v1/app-connections/doppler/connection-name/{connectionName},superseded,appConnections,appConnections.read,app-connections-provider-name-read-superseded
app-connections/doppler/list.mdx,GET,/api/v1/app-connections/doppler,superseded,appConnections,appConnections.read,app-connections-provider-list-superseded
app-connections/doppler/update.mdx,PATCH,/api/v1/app-connections/doppler/{connectionId},intentionally_omitted,appConnections,appConnections.otherProviders.admin,app-connections-other-providers-omitted
app-connections/external-infisical/available.mdx,GET,/api/v1/app-connections/external-infisical/available,superseded,appConnections,appConnections.read,app-connections-provider-availability-superseded
app-connections/external-infisical/create.mdx,POST,/api/v1/app-connections/external-infisical,intentionally_omitted,appConnections,appConnections.otherProviders.admin,app-connections-other-providers-omitted
app-connections/external-infisical/delete.mdx,DELETE,/api/v1/app-connections/external-infisical/{connectionId},intentionally_omitted,appConnections,appConnections.otherProviders.admin,app-connections-other-providers-omitted
app-connections/external-infisical/get-by-id.mdx,GET,/api/v1/app-connections/external-infisical/{connectionId},superseded,appConnections,appConnections.read,app-connections-provider-id-read-superseded
app-connections/external-infisical/get-by-name.mdx,GET,/api/v1/app-connections/external-infisical/connection-name/{connectionName},superseded,appConnections,appConnections.read,app-connections-provider-name-read-superseded
app-connections/external-infisical/list.mdx,GET,/api/v1/app-connections/external-infisical,superseded,appConnections,appConnections.read,app-connections-provider-list-superseded
app-connections/external-infisical/update.mdx,PATCH,/api/v1/app-connections/external-infisical/{connectionId},intentionally_omitted,appConnections,appConnections.otherProviders.admin,app-connections-other-providers-omitted
app-connections/f5-big-ip/available.mdx,GET,/api/v1/app-connections/f5-big-ip/available,superseded,appConnections,appConnections.read,app-connections-provider-availability-superseded
app-connections/f5-big-ip/create.mdx,POST,/api/v1/app-connections/f5-big-ip,intentionally_omitted,appConnections,appConnections.otherProviders.admin,app-connections-other-providers-omitted
app-connections/f5-big-ip/delete.mdx,DELETE,/api/v1/app-connections/f5-big-ip/{connectionId},intentionally_omitted,appConnections,appConnections.otherProviders.admin,app-connections-other-providers-omitted
app-connections/f5-big-ip/get-by-id.mdx,GET,/api/v1/app-connections/f5-big-ip/{connectionId},superseded,appConnections,appConnections.read,app-connections-provider-id-read-superseded
app-connections/f5-big-ip/get-by-name.mdx,GET,/api/v1/app-connections/f5-big-ip/connection-name/{connectionName},superseded,appConnections,appConnections.read,app-connections-provider-name-read-superseded
app-connections/f5-big-ip/list.mdx,GET,/api/v1/app-connections/f5-big-ip,superseded,appConnections,appConnections.read,app-connections-provider-list-superseded
app-connections/f5-big-ip/update.mdx,PATCH,/api/v1/app-connections/f5-big-ip/{connectionId},intentionally_omitted,appConnections,appConnections.otherProviders.admin,app-connections-other-providers-omitted
app-connections/flyio/available.mdx,GET,/api/v1/app-connections/flyio/available,superseded,appConnections,appConnections.read,app-connections-provider-availability-superseded
app-connections/flyio/create.mdx,POST,/api/v1/app-connections/flyio,intentionally_omitted,appConnections,appConnections.otherProviders.admin,app-connections-other-providers-omitted
app-connections/flyio/delete.mdx,DELETE,/api/v1/app-connections/flyio/{connectionId},intentionally_omitted,appConnections,appConnections.otherProviders.admin,app-connections-other-providers-omitted
app-connections/flyio/get-by-id.mdx,GET,/api/v1/app-connections/flyio/{connectionId},superseded,appConnections,appConnections.read,app-connections-provider-id-read-superseded
app-connections/flyio/get-by-name.mdx,GET,/api/v1/app-connections/flyio/connection-name/{connectionName},superseded,appConnections,appConnections.read,app-connections-provider-name-read-superseded
app-connections/flyio/list.mdx,GET,/api/v1/app-connections/flyio,superseded,appConnections,appConnections.read,app-connections-provider-list-superseded
app-connections/flyio/update.mdx,PATCH,/api/v1/app-connections/flyio/{connectionId},intentionally_omitted,appConnections,appConnections.otherProviders.admin,app-connections-other-providers-omitted
app-connections/gcp/available.mdx,GET,/api/v1/app-connections/gcp/available,superseded,appConnections,appConnections.read,app-connections-provider-availability-superseded
app-connections/gcp/create.mdx,POST,/api/v1/app-connections/gcp,intentionally_omitted,appConnections,appConnections.otherProviders.admin,app-connections-other-providers-omitted
app-connections/gcp/delete.mdx,DELETE,/api/v1/app-connections/gcp/{connectionId},intentionally_omitted,appConnections,appConnections.otherProviders.admin,app-connections-other-providers-omitted
app-connections/gcp/get-by-id.mdx,GET,/api/v1/app-connections/gcp/{connectionId},superseded,appConnections,appConnections.read,app-connections-provider-id-read-superseded
app-connections/gcp/get-by-name.mdx,GET,/api/v1/app-connections/gcp/connection-name/{connectionName},superseded,appConnections,appConnections.read,app-connections-provider-name-read-superseded
app-connections/gcp/list.mdx,GET,/api/v1/app-connections/gcp,superseded,appConnections,appConnections.read,app-connections-provider-list-superseded
app-connections/gcp/update.mdx,PATCH,/api/v1/app-connections/gcp/{connectionId},intentionally_omitted,appConnections,appConnections.otherProviders.admin,app-connections-other-providers-omitted
app-connections/github-radar/available.mdx,GET,/api/v1/app-connections/github-radar/available,superseded,appConnections,appConnections.read,app-connections-provider-availability-superseded
app-connections/github-radar/create.mdx,POST,/api/v1/app-connections/github-radar,intentionally_omitted,appConnections,appConnections.otherProviders.admin,app-connections-other-providers-omitted
app-connections/github-radar/delete.mdx,DELETE,/api/v1/app-connections/github-radar/{connectionId},intentionally_omitted,appConnections,appConnections.otherProviders.admin,app-connections-other-providers-omitted
app-connections/github-radar/get-by-id.mdx,GET,/api/v1/app-connections/github-radar/{connectionId},superseded,appConnections,appConnections.read,app-connections-provider-id-read-superseded
app-connections/github-radar/get-by-name.mdx,GET,/api/v1/app-connections/github-radar/connection-name/{connectionName},superseded,appConnections,appConnections.read,app-connections-provider-name-read-superseded
app-connections/github-radar/list.mdx,GET,/api/v1/app-connections/github-radar,superseded,appConnections,appConnections.read,app-connections-provider-list-superseded
app-connections/github-radar/update.mdx,PATCH,/api/v1/app-connections/github-radar/{connectionId},intentionally_omitted,appConnections,appConnections.otherProviders.admin,app-connections-other-providers-omitted
app-connections/github/available.mdx,GET,/api/v1/app-connections/github/available,superseded,appConnections,appConnections.read,app-connections-provider-availability-superseded
app-connections/github/create.mdx,POST,/api/v1/app-connections/github,implemented,appConnections.github,appConnections.github.admin,app-connections-github-implemented
app-connections/github/delete.mdx,DELETE,/api/v1/app-connections/github/{connectionId},implemented,appConnections.github,appConnections.github.admin,app-connections-github-implemented
app-connections/github/get-by-id.mdx,GET,/api/v1/app-connections/github/{connectionId},implemented,appConnections.github,appConnections.github.admin,app-connections-github-id-read-implemented
app-connections/github/get-by-name.mdx,GET,/api/v1/app-connections/github/connection-name/{connectionName},superseded,appConnections,appConnections.read,app-connections-provider-name-read-superseded
app-connections/github/list.mdx,GET,/api/v1/app-connections/github,superseded,appConnections,appConnections.read,app-connections-provider-list-superseded
app-connections/github/update.mdx,PATCH,/api/v1/app-connections/github/{connectionId},implemented,appConnections.github,appConnections.github.admin,app-connections-github-implemented
app-connections/gitlab/available.mdx,GET,/api/v1/app-connections/gitlab/available,superseded,appConnections,appConnections.read,app-connections-provider-availability-superseded
app-connections/gitlab/create.mdx,POST,/api/v1/app-connections/gitlab,intentionally_omitted,appConnections,appConnections.otherProviders.admin,app-connections-other-providers-omitted
app-connections/gitlab/delete.mdx,DELETE,/api/v1/app-connections/gitlab/{connectionId},intentionally_omitted,appConnections,appConnections.otherProviders.admin,app-connections-other-providers-omitted
app-connections/gitlab/get-by-id.mdx,GET,/api/v1/app-connections/gitlab/{connectionId},superseded,appConnections,appConnections.read,app-connections-provider-id-read-superseded
app-connections/gitlab/get-by-name.mdx,GET,/api/v1/app-connections/gitlab/connection-name/{connectionName},superseded,appConnections,appConnections.read,app-connections-provider-name-read-superseded
app-connections/gitlab/list.mdx,GET,/api/v1/app-connections/gitlab,superseded,appConnections,appConnections.read,app-connections-provider-list-superseded
app-connections/gitlab/update.mdx,PATCH,/api/v1/app-connections/gitlab/{connectionId},intentionally_omitted,appConnections,appConnections.otherProviders.admin,app-connections-other-providers-omitted
app-connections/hashicorp-vault/available.mdx,GET,/api/v1/app-connections/hashicorp-vault/available,superseded,appConnections,appConnections.read,app-connections-provider-availability-superseded
app-connections/hashicorp-vault/create.mdx,POST,/api/v1/app-connections/hashicorp-vault,intentionally_omitted,appConnections,appConnections.otherProviders.admin,app-connections-other-providers-omitted
app-connections/hashicorp-vault/delete.mdx,DELETE,/api/v1/app-connections/hashicorp-vault/{connectionId},intentionally_omitted,appConnections,appConnections.otherProviders.admin,app-connections-other-providers-omitted
app-connections/hashicorp-vault/get-by-id.mdx,GET,/api/v1/app-connections/hashicorp-vault/{connectionId},superseded,appConnections,appConnections.read,app-connections-provider-id-read-superseded
app-connections/hashicorp-vault/get-by-name.mdx,GET,/api/v1/app-connections/hashicorp-vault/connection-name/{connectionName},superseded,appConnections,appConnections.read,app-connections-provider-name-read-superseded
app-connections/hashicorp-vault/list.mdx,GET,/api/v1/app-connections/hashicorp-vault,superseded,appConnections,appConnections.read,app-connections-provider-list-superseded
app-connections/hashicorp-vault/update.mdx,PATCH,/api/v1/app-connections/hashicorp-vault/{connectionId},intentionally_omitted,appConnections,appConnections.otherProviders.admin,app-connections-other-providers-omitted
app-connections/heroku/available.mdx,GET,/api/v1/app-connections/heroku/available,superseded,appConnections,appConnections.read,app-connections-provider-availability-superseded
app-connections/heroku/create.mdx,POST,/api/v1/app-connections/heroku,intentionally_omitted,appConnections,appConnections.otherProviders.admin,app-connections-other-providers-omitted
app-connections/heroku/delete.mdx,DELETE,/api/v1/app-connections/heroku/{connectionId},intentionally_omitted,appConnections,appConnections.otherProviders.admin,app-connections-other-providers-omitted
app-connections/heroku/get-by-id.mdx,GET,/api/v1/app-connections/heroku/{connectionId},superseded,appConnections,appConnections.read,app-connections-provider-id-read-superseded
app-connections/heroku/get-by-name.mdx,GET,/api/v1/app-connections/heroku/connection-name/{connectionName},superseded,appConnections,appConnections.read,app-connections-provider-name-read-superseded
app-connections/heroku/list.mdx,GET,/api/v1/app-connections/heroku,superseded,appConnections,appConnections.read,app-connections-provider-list-superseded
app-connections/heroku/update.mdx,PATCH,/api/v1/app-connections/heroku/{connectionId},intentionally_omitted,appConnections,appConnections.otherProviders.admin,app-connections-other-providers-omitted
app-connections/humanitec/available.mdx,GET,/api/v1/app-connections/humanitec/available,superseded,appConnections,appConnections.read,app-connections-provider-availability-superseded
app-connections/humanitec/create.mdx,POST,/api/v1/app-connections/humanitec,intentionally_omitted,appConnections,appConnections.otherProviders.admin,app-connections-other-providers-omitted
app-connections/humanitec/delete.mdx,DELETE,/api/v1/app-connections/humanitec/{connectionId},intentionally_omitted,appConnections,appConnections.otherProviders.admin,app-connections-other-providers-omitted
app-connections/humanitec/get-by-id.mdx,GET,/api/v1/app-connections/humanitec/{connectionId},superseded,appConnections,appConnections.read,app-connections-provider-id-read-superseded
app-connections/humanitec/get-by-name.mdx,GET,/api/v1/app-connections/humanitec/connection-name/{connectionName},superseded,appConnections,appConnections.read,app-connections-provider-name-read-superseded
app-connections/humanitec/list.mdx,GET,/api/v1/app-connections/humanitec,superseded,appConnections,appConnections.read,app-connections-provider-list-superseded
app-connections/humanitec/update.mdx,PATCH,/api/v1/app-connections/humanitec/{connectionId},intentionally_omitted,appConnections,appConnections.otherProviders.admin,app-connections-other-providers-omitted
app-connections/laravel-forge/available.mdx,GET,/api/v1/app-connections/laravel-forge/available,superseded,appConnections,appConnections.read,app-connections-provider-availability-superseded
app-connections/laravel-forge/create.mdx,POST,/api/v1/app-connections/laravel-forge,intentionally_omitted,appConnections,appConnections.otherProviders.admin,app-connections-other-providers-omitted
app-connections/laravel-forge/delete.mdx,DELETE,/api/v1/app-connections/laravel-forge/{connectionId},intentionally_omitted,appConnections,appConnections.otherProviders.admin,app-connections-other-providers-omitted
app-connections/laravel-forge/get-by-id.mdx,GET,/api/v1/app-connections/laravel-forge/{connectionId},superseded,appConnections,appConnections.read,app-connections-provider-id-read-superseded
app-connections/laravel-forge/get-by-name.mdx,GET,/api/v1/app-connections/laravel-forge/connection-name/{connectionName},superseded,appConnections,appConnections.read,app-connections-provider-name-read-superseded
app-connections/laravel-forge/list.mdx,GET,/api/v1/app-connections/laravel-forge,superseded,appConnections,appConnections.read,app-connections-provider-list-superseded
app-connections/laravel-forge/update.mdx,PATCH,/api/v1/app-connections/laravel-forge/{connectionId},intentionally_omitted,appConnections,appConnections.otherProviders.admin,app-connections-other-providers-omitted
app-connections/ldap/available.mdx,GET,/api/v1/app-connections/ldap/available,superseded,appConnections,appConnections.read,app-connections-provider-availability-superseded
app-connections/ldap/create.mdx,POST,/api/v1/app-connections/ldap,intentionally_omitted,appConnections,appConnections.otherProviders.admin,app-connections-other-providers-omitted
app-connections/ldap/delete.mdx,DELETE,/api/v1/app-connections/ldap/{connectionId},intentionally_omitted,appConnections,appConnections.otherProviders.admin,app-connections-other-providers-omitted
app-connections/ldap/get-by-id.mdx,GET,/api/v1/app-connections/ldap/{connectionId},superseded,appConnections,appConnections.read,app-connections-provider-id-read-superseded
app-connections/ldap/get-by-name.mdx,GET,/api/v1/app-connections/ldap/connection-name/{connectionName},superseded,appConnections,appConnections.read,app-connections-provider-name-read-superseded
app-connections/ldap/list.mdx,GET,/api/v1/app-connections/ldap,superseded,appConnections,appConnections.read,app-connections-provider-list-superseded
app-connections/ldap/update.mdx,PATCH,/api/v1/app-connections/ldap/{connectionId},intentionally_omitted,appConnections,appConnections.otherProviders.admin,app-connections-other-providers-omitted
app-connections/list.mdx,GET,/api/v1/app-connections,implemented,appConnections,appConnections.read,app-connections-inventory-implemented
app-connections/mongodb/available.mdx,GET,/api/v1/app-connections/mongodb/available,superseded,appConnections,appConnections.read,app-connections-provider-availability-superseded
app-connections/mongodb/create.mdx,POST,/api/v1/app-connections/mongodb,intentionally_omitted,appConnections,appConnections.otherProviders.admin,app-connections-other-providers-omitted
app-connections/mongodb/delete.mdx,DELETE,/api/v1/app-connections/mongodb/{connectionId},intentionally_omitted,appConnections,appConnections.otherProviders.admin,app-connections-other-providers-omitted
app-connections/mongodb/get-by-id.mdx,GET,/api/v1/app-connections/mongodb/{connectionId},superseded,appConnections,appConnections.read,app-connections-provider-id-read-superseded
app-connections/mongodb/get-by-name.mdx,GET,/api/v1/app-connections/mongodb/connection-name/{connectionName},superseded,appConnections,appConnections.read,app-connections-provider-name-read-superseded
app-connections/mongodb/list.mdx,GET,/api/v1/app-connections/mongodb,superseded,appConnections,appConnections.read,app-connections-provider-list-superseded
app-connections/mongodb/update.mdx,PATCH,/api/v1/app-connections/mongodb/{connectionId},intentionally_omitted,appConnections,appConnections.otherProviders.admin,app-connections-other-providers-omitted
app-connections/mssql/available.mdx,GET,/api/v1/app-connections/mssql/available,superseded,appConnections,appConnections.read,app-connections-provider-availability-superseded
app-connections/mssql/create.mdx,POST,/api/v1/app-connections/mssql,intentionally_omitted,appConnections,appConnections.otherProviders.admin,app-connections-other-providers-omitted
app-connections/mssql/delete.mdx,DELETE,/api/v1/app-connections/mssql/{connectionId},intentionally_omitted,appConnections,appConnections.otherProviders.admin,app-connections-other-providers-omitted
app-connections/mssql/get-by-id.mdx,GET,/api/v1/app-connections/mssql/{connectionId},superseded,appConnections,appConnections.read,app-connections-provider-id-read-superseded
app-connections/mssql/get-by-name.mdx,GET,/api/v1/app-connections/mssql/connection-name/{connectionName},superseded,appConnections,appConnections.read,app-connections-provider-name-read-superseded
app-connections/mssql/list.mdx,GET,/api/v1/app-connections/mssql,superseded,appConnections,appConnections.read,app-connections-provider-list-superseded
app-connections/mssql/update.mdx,PATCH,/api/v1/app-connections/mssql/{connectionId},intentionally_omitted,appConnections,appConnections.otherProviders.admin,app-connections-other-providers-omitted
app-connections/mysql/available.mdx,GET,/api/v1/app-connections/mysql/available,superseded,appConnections,appConnections.read,app-connections-provider-availability-superseded
app-connections/mysql/create.mdx,POST,/api/v1/app-connections/mysql,intentionally_omitted,appConnections,appConnections.otherProviders.admin,app-connections-other-providers-omitted
app-connections/mysql/delete.mdx,DELETE,/api/v1/app-connections/mysql/{connectionId},intentionally_omitted,appConnections,appConnections.otherProviders.admin,app-connections-other-providers-omitted
app-connections/mysql/get-by-id.mdx,GET,/api/v1/app-connections/mysql/{connectionId},superseded,appConnections,appConnections.read,app-connections-provider-id-read-superseded
app-connections/mysql/get-by-name.mdx,GET,/api/v1/app-connections/mysql/connection-name/{connectionName},superseded,appConnections,appConnections.read,app-connections-provider-name-read-superseded
app-connections/mysql/list.mdx,GET,/api/v1/app-connections/mysql,superseded,appConnections,appConnections.read,app-connections-provider-list-superseded
app-connections/mysql/update.mdx,PATCH,/api/v1/app-connections/mysql/{connectionId},intentionally_omitted,appConnections,appConnections.otherProviders.admin,app-connections-other-providers-omitted
app-connections/netlify/available.mdx,GET,/api/v1/app-connections/netlify/available,superseded,appConnections,appConnections.read,app-connections-provider-availability-superseded
app-connections/netlify/create.mdx,POST,/api/v1/app-connections/netlify,intentionally_omitted,appConnections,appConnections.otherProviders.admin,app-connections-other-providers-omitted
app-connections/netlify/delete.mdx,DELETE,/api/v1/app-connections/netlify/{connectionId},intentionally_omitted,appConnections,appConnections.otherProviders.admin,app-connections-other-providers-omitted
app-connections/netlify/get-by-id.mdx,GET,/api/v1/app-connections/netlify/{connectionId},superseded,appConnections,appConnections.read,app-connections-provider-id-read-superseded
app-connections/netlify/get-by-name.mdx,GET,/api/v1/app-connections/netlify/connection-name/{connectionName},superseded,appConnections,appConnections.read,app-connections-provider-name-read-superseded
app-connections/netlify/list.mdx,GET,/api/v1/app-connections/netlify,superseded,appConnections,appConnections.read,app-connections-provider-list-superseded
app-connections/netlify/update.mdx,PATCH,/api/v1/app-connections/netlify/{connectionId},intentionally_omitted,appConnections,appConnections.otherProviders.admin,app-connections-other-providers-omitted
app-connections/netscaler/available.mdx,GET,/api/v1/app-connections/netscaler/available,superseded,appConnections,appConnections.read,app-connections-provider-availability-superseded
app-connections/netscaler/create.mdx,POST,/api/v1/app-connections/netscaler,intentionally_omitted,appConnections,appConnections.otherProviders.admin,app-connections-other-providers-omitted
app-connections/netscaler/delete.mdx,DELETE,/api/v1/app-connections/netscaler/{connectionId},intentionally_omitted,appConnections,appConnections.otherProviders.admin,app-connections-other-providers-omitted
app-connections/netscaler/get-by-id.mdx,GET,/api/v1/app-connections/netscaler/{connectionId},superseded,appConnections,appConnections.read,app-connections-provider-id-read-superseded
app-connections/netscaler/get-by-name.mdx,GET,/api/v1/app-connections/netscaler/connection-name/{connectionName},superseded,appConnections,appConnections.read,app-connections-provider-name-read-superseded
app-connections/netscaler/list.mdx,GET,/api/v1/app-connections/netscaler,superseded,appConnections,appConnections.read,app-connections-provider-list-superseded
app-connections/netscaler/update.mdx,PATCH,/api/v1/app-connections/netscaler/{connectionId},intentionally_omitted,appConnections,appConnections.otherProviders.admin,app-connections-other-providers-omitted
app-connections/northflank/available.mdx,GET,/api/v1/app-connections/northflank/available,superseded,appConnections,appConnections.read,app-connections-provider-availability-superseded
app-connections/northflank/create.mdx,POST,/api/v1/app-connections/northflank,intentionally_omitted,appConnections,appConnections.otherProviders.admin,app-connections-other-providers-omitted
app-connections/northflank/delete.mdx,DELETE,/api/v1/app-connections/northflank/{connectionId},intentionally_omitted,appConnections,appConnections.otherProviders.admin,app-connections-other-providers-omitted
app-connections/northflank/get-by-id.mdx,GET,/api/v1/app-connections/northflank/{connectionId},superseded,appConnections,appConnections.read,app-connections-provider-id-read-superseded
app-connections/northflank/get-by-name.mdx,GET,/api/v1/app-connections/northflank/connection-name/{connectionName},superseded,appConnections,appConnections.read,app-connections-provider-name-read-superseded
app-connections/northflank/list.mdx,GET,/api/v1/app-connections/northflank,superseded,appConnections,appConnections.read,app-connections-provider-list-superseded
app-connections/northflank/update.mdx,PATCH,/api/v1/app-connections/northflank/{connectionId},intentionally_omitted,appConnections,appConnections.otherProviders.admin,app-connections-other-providers-omitted
app-connections/oci/available.mdx,GET,/api/v1/app-connections/oci/available,superseded,appConnections,appConnections.read,app-connections-provider-availability-superseded
app-connections/oci/create.mdx,POST,/api/v1/app-connections/oci,intentionally_omitted,appConnections,appConnections.otherProviders.admin,app-connections-other-providers-omitted
app-connections/oci/delete.mdx,DELETE,/api/v1/app-connections/oci/{connectionId},intentionally_omitted,appConnections,appConnections.otherProviders.admin,app-connections-other-providers-omitted
app-connections/oci/get-by-id.mdx,GET,/api/v1/app-connections/oci/{connectionId},superseded,appConnections,appConnections.read,app-connections-provider-id-read-superseded
app-connections/oci/get-by-name.mdx,GET,/api/v1/app-connections/oci/connection-name/{connectionName},superseded,appConnections,appConnections.read,app-connections-provider-name-read-superseded
app-connections/oci/list.mdx,GET,/api/v1/app-connections/oci,superseded,appConnections,appConnections.read,app-connections-provider-list-superseded
app-connections/oci/update.mdx,PATCH,/api/v1/app-connections/oci/{connectionId},intentionally_omitted,appConnections,appConnections.otherProviders.admin,app-connections-other-providers-omitted
app-connections/octopus-deploy/available.mdx,GET,/api/v1/app-connections/octopus-deploy/available,superseded,appConnections,appConnections.read,app-connections-provider-availability-superseded
app-connections/octopus-deploy/create.mdx,POST,/api/v1/app-connections/octopus-deploy,intentionally_omitted,appConnections,appConnections.otherProviders.admin,app-connections-other-providers-omitted
app-connections/octopus-deploy/delete.mdx,DELETE,/api/v1/app-connections/octopus-deploy/{connectionId},intentionally_omitted,appConnections,appConnections.otherProviders.admin,app-connections-other-providers-omitted
app-connections/octopus-deploy/get-by-id.mdx,GET,/api/v1/app-connections/octopus-deploy/{connectionId},superseded,appConnections,appConnections.read,app-connections-provider-id-read-superseded
app-connections/octopus-deploy/get-by-name.mdx,GET,/api/v1/app-connections/octopus-deploy/connection-name/{connectionName},superseded,appConnections,appConnections.read,app-connections-provider-name-read-superseded
app-connections/octopus-deploy/list.mdx,GET,/api/v1/app-connections/octopus-deploy,superseded,appConnections,appConnections.read,app-connections-provider-list-superseded
app-connections/octopus-deploy/update.mdx,PATCH,/api/v1/app-connections/octopus-deploy/{connectionId},intentionally_omitted,appConnections,appConnections.otherProviders.admin,app-connections-other-providers-omitted
app-connections/okta/available.mdx,GET,/api/v1/app-connections/okta/available,superseded,appConnections,appConnections.read,app-connections-provider-availability-superseded
app-connections/okta/create.mdx,POST,/api/v1/app-connections/okta,intentionally_omitted,appConnections,appConnections.otherProviders.admin,app-connections-other-providers-omitted
app-connections/okta/delete.mdx,DELETE,/api/v1/app-connections/okta/{connectionId},intentionally_omitted,appConnections,appConnections.otherProviders.admin,app-connections-other-providers-omitted
app-connections/okta/get-by-id.mdx,GET,/api/v1/app-connections/okta/{connectionId},superseded,appConnections,appConnections.read,app-connections-provider-id-read-superseded
app-connections/okta/get-by-name.mdx,GET,/api/v1/app-connections/okta/connection-name/{connectionName},superseded,appConnections,appConnections.read,app-connections-provider-name-read-superseded
app-connections/okta/list.mdx,GET,/api/v1/app-connections/okta,superseded,appConnections,appConnections.read,app-connections-provider-list-superseded
app-connections/okta/update.mdx,PATCH,/api/v1/app-connections/okta/{connectionId},intentionally_omitted,appConnections,appConnections.otherProviders.admin,app-connections-other-providers-omitted
app-connections/openrouter/available.mdx,GET,/api/v1/app-connections/open-router/available,superseded,appConnections,appConnections.read,app-connections-provider-availability-superseded
app-connections/openrouter/create.mdx,POST,/api/v1/app-connections/open-router,intentionally_omitted,appConnections,appConnections.otherProviders.admin,app-connections-other-providers-omitted
app-connections/openrouter/delete.mdx,DELETE,/api/v1/app-connections/open-router/{connectionId},intentionally_omitted,appConnections,appConnections.otherProviders.admin,app-connections-other-providers-omitted
app-connections/openrouter/get-by-id.mdx,GET,/api/v1/app-connections/open-router/{connectionId},superseded,appConnections,appConnections.read,app-connections-provider-id-read-superseded
app-connections/openrouter/get-by-name.mdx,GET,/api/v1/app-connections/open-router/connection-name/{connectionName},superseded,appConnections,appConnections.read,app-connections-provider-name-read-superseded
app-connections/openrouter/list.mdx,GET,/api/v1/app-connections/open-router,superseded,appConnections,appConnections.read,app-connections-provider-list-superseded
app-connections/openrouter/update.mdx,PATCH,/api/v1/app-connections/open-router/{connectionId},intentionally_omitted,appConnections,appConnections.otherProviders.admin,app-connections-other-providers-omitted
app-connections/options.mdx,GET,/api/v1/app-connections/options,superseded,appConnections,appConnections.read,app-connections-options-superseded
app-connections/oracledb/available.mdx,GET,/api/v1/app-connections/oracledb/available,superseded,appConnections,appConnections.read,app-connections-provider-availability-superseded
app-connections/oracledb/create.mdx,POST,/api/v1/app-connections/oracledb,intentionally_omitted,appConnections,appConnections.otherProviders.admin,app-connections-other-providers-omitted
app-connections/oracledb/delete.mdx,DELETE,/api/v1/app-connections/oracledb/{connectionId},intentionally_omitted,appConnections,appConnections.otherProviders.admin,app-connections-other-providers-omitted
app-connections/oracledb/get-by-id.mdx,GET,/api/v1/app-connections/oracledb/{connectionId},superseded,appConnections,appConnections.read,app-connections-provider-id-read-superseded
app-connections/oracledb/get-by-name.mdx,GET,/api/v1/app-connections/oracledb/connection-name/{connectionName},superseded,appConnections,appConnections.read,app-connections-provider-name-read-superseded
app-connections/oracledb/list.mdx,GET,/api/v1/app-connections/oracledb,superseded,appConnections,appConnections.read,app-connections-provider-list-superseded
app-connections/oracledb/update.mdx,PATCH,/api/v1/app-connections/oracledb/{connectionId},intentionally_omitted,appConnections,appConnections.otherProviders.admin,app-connections-other-providers-omitted
app-connections/postgres/available.mdx,GET,/api/v1/app-connections/postgres/available,superseded,appConnections,appConnections.read,app-connections-provider-availability-superseded
app-connections/postgres/create.mdx,POST,/api/v1/app-connections/postgres,intentionally_omitted,appConnections,appConnections.otherProviders.admin,app-connections-other-providers-omitted
app-connections/postgres/delete.mdx,DELETE,/api/v1/app-connections/postgres/{connectionId},intentionally_omitted,appConnections,appConnections.otherProviders.admin,app-connections-other-providers-omitted
app-connections/postgres/get-by-id.mdx,GET,/api/v1/app-connections/postgres/{connectionId},superseded,appConnections,appConnections.read,app-connections-provider-id-read-superseded
app-connections/postgres/get-by-name.mdx,GET,/api/v1/app-connections/postgres/connection-name/{connectionName},superseded,appConnections,appConnections.read,app-connections-provider-name-read-superseded
app-connections/postgres/list.mdx,GET,/api/v1/app-connections/postgres,superseded,appConnections,appConnections.read,app-connections-provider-list-superseded
app-connections/postgres/update.mdx,PATCH,/api/v1/app-connections/postgres/{connectionId},intentionally_omitted,appConnections,appConnections.otherProviders.admin,app-connections-other-providers-omitted
app-connections/railway/available.mdx,GET,/api/v1/app-connections/railway/available,superseded,appConnections,appConnections.read,app-connections-provider-availability-superseded
app-connections/railway/create.mdx,POST,/api/v1/app-connections/railway,intentionally_omitted,appConnections,appConnections.otherProviders.admin,app-connections-other-providers-omitted
app-connections/railway/delete.mdx,DELETE,/api/v1/app-connections/railway/{connectionId},intentionally_omitted,appConnections,appConnections.otherProviders.admin,app-connections-other-providers-omitted
app-connections/railway/get-by-id.mdx,GET,/api/v1/app-connections/railway/{connectionId},superseded,appConnections,appConnections.read,app-connections-provider-id-read-superseded
app-connections/railway/get-by-name.mdx,GET,/api/v1/app-connections/railway/connection-name/{connectionName},superseded,appConnections,appConnections.read,app-connections-provider-name-read-superseded
app-connections/railway/list.mdx,GET,/api/v1/app-connections/railway,superseded,appConnections,appConnections.read,app-connections-provider-list-superseded
app-connections/railway/update.mdx,PATCH,/api/v1/app-connections/railway/{connectionId},intentionally_omitted,appConnections,appConnections.otherProviders.admin,app-connections-other-providers-omitted
app-connections/redis/available.mdx,GET,/api/v1/app-connections/redis/available,superseded,appConnections,appConnections.read,app-connections-provider-availability-superseded
app-connections/redis/create.mdx,POST,/api/v1/app-connections/redis,intentionally_omitted,appConnections,appConnections.otherProviders.admin,app-connections-other-providers-omitted
app-connections/redis/delete.mdx,DELETE,/api/v1/app-connections/redis/{connectionId},intentionally_omitted,appConnections,appConnections.otherProviders.admin,app-connections-other-providers-omitted
app-connections/redis/get-by-id.mdx,GET,/api/v1/app-connections/redis/{connectionId},superseded,appConnections,appConnections.read,app-connections-provider-id-read-superseded
app-connections/redis/get-by-name.mdx,GET,/api/v1/app-connections/redis/connection-name/{connectionName},superseded,appConnections,appConnections.read,app-connections-provider-name-read-superseded
app-connections/redis/list.mdx,GET,/api/v1/app-connections/redis,superseded,appConnections,appConnections.read,app-connections-provider-list-superseded
app-connections/redis/update.mdx,PATCH,/api/v1/app-connections/redis/{connectionId},intentionally_omitted,appConnections,appConnections.otherProviders.admin,app-connections-other-providers-omitted
app-connections/render/available.mdx,GET,/api/v1/app-connections/render/available,superseded,appConnections,appConnections.read,app-connections-provider-availability-superseded
app-connections/render/create.mdx,POST,/api/v1/app-connections/render,intentionally_omitted,appConnections,appConnections.otherProviders.admin,app-connections-other-providers-omitted
app-connections/render/delete.mdx,DELETE,/api/v1/app-connections/render/{connectionId},intentionally_omitted,appConnections,appConnections.otherProviders.admin,app-connections-other-providers-omitted
app-connections/render/get-by-id.mdx,GET,/api/v1/app-connections/render/{connectionId},superseded,appConnections,appConnections.read,app-connections-provider-id-read-superseded
app-connections/render/get-by-name.mdx,GET,/api/v1/app-connections/render/connection-name/{connectionName},superseded,appConnections,appConnections.read,app-connections-provider-name-read-superseded
app-connections/render/list.mdx,GET,/api/v1/app-connections/render,superseded,appConnections,appConnections.read,app-connections-provider-list-superseded
app-connections/render/update.mdx,PATCH,/api/v1/app-connections/render/{connectionId},intentionally_omitted,appConnections,appConnections.otherProviders.admin,app-connections-other-providers-omitted
app-connections/salesforce/available.mdx,GET,/api/v1/app-connections/salesforce/available,superseded,appConnections,appConnections.read,app-connections-provider-availability-superseded
app-connections/salesforce/create.mdx,POST,/api/v1/app-connections/salesforce,intentionally_omitted,appConnections,appConnections.otherProviders.admin,app-connections-other-providers-omitted
app-connections/salesforce/delete.mdx,DELETE,/api/v1/app-connections/salesforce/{connectionId},intentionally_omitted,appConnections,appConnections.otherProviders.admin,app-connections-other-providers-omitted
app-connections/salesforce/get-by-id.mdx,GET,/api/v1/app-connections/salesforce/{connectionId},superseded,appConnections,appConnections.read,app-connections-provider-id-read-superseded
app-connections/salesforce/get-by-name.mdx,GET,/api/v1/app-connections/salesforce/connection-name/{connectionName},superseded,appConnections,appConnections.read,app-connections-provider-name-read-superseded
app-connections/salesforce/list.mdx,GET,/api/v1/app-connections/salesforce,superseded,appConnections,appConnections.read,app-connections-provider-list-superseded
app-connections/salesforce/update.mdx,PATCH,/api/v1/app-connections/salesforce/{connectionId},intentionally_omitted,appConnections,appConnections.otherProviders.admin,app-connections-other-providers-omitted
app-connections/smb/available.mdx,GET,/api/v1/app-connections/smb/available,superseded,appConnections,appConnections.read,app-connections-provider-availability-superseded
app-connections/smb/create.mdx,POST,/api/v1/app-connections/smb,intentionally_omitted,appConnections,appConnections.otherProviders.admin,app-connections-other-providers-omitted
app-connections/smb/delete.mdx,DELETE,/api/v1/app-connections/smb/{connectionId},intentionally_omitted,appConnections,appConnections.otherProviders.admin,app-connections-other-providers-omitted
app-connections/smb/get-by-id.mdx,GET,/api/v1/app-connections/smb/{connectionId},superseded,appConnections,appConnections.read,app-connections-provider-id-read-superseded
app-connections/smb/get-by-name.mdx,GET,/api/v1/app-connections/smb/connection-name/{connectionName},superseded,appConnections,appConnections.read,app-connections-provider-name-read-superseded
app-connections/smb/list.mdx,GET,/api/v1/app-connections/smb,superseded,appConnections,appConnections.read,app-connections-provider-list-superseded
app-connections/smb/update.mdx,PATCH,/api/v1/app-connections/smb/{connectionId},intentionally_omitted,appConnections,appConnections.otherProviders.admin,app-connections-other-providers-omitted
app-connections/ssh/available.mdx,GET,/api/v1/app-connections/ssh/available,superseded,appConnections,appConnections.read,app-connections-provider-availability-superseded
app-connections/ssh/create.mdx,POST,/api/v1/app-connections/ssh,intentionally_omitted,appConnections,appConnections.otherProviders.admin,app-connections-other-providers-omitted
app-connections/ssh/delete.mdx,DELETE,/api/v1/app-connections/ssh/{connectionId},intentionally_omitted,appConnections,appConnections.otherProviders.admin,app-connections-other-providers-omitted
app-connections/ssh/get-by-id.mdx,GET,/api/v1/app-connections/ssh/{connectionId},superseded,appConnections,appConnections.read,app-connections-provider-id-read-superseded
app-connections/ssh/get-by-name.mdx,GET,/api/v1/app-connections/ssh/connection-name/{connectionName},superseded,appConnections,appConnections.read,app-connections-provider-name-read-superseded
app-connections/ssh/list.mdx,GET,/api/v1/app-connections/ssh,superseded,appConnections,appConnections.read,app-connections-provider-list-superseded
app-connections/ssh/update.mdx,PATCH,/api/v1/app-connections/ssh/{connectionId},intentionally_omitted,appConnections,appConnections.otherProviders.admin,app-connections-other-providers-omitted
app-connections/supabase/available.mdx,GET,/api/v1/app-connections/supabase/available,superseded,appConnections,appConnections.read,app-connections-provider-availability-superseded
app-connections/supabase/create.mdx,POST,/api/v1/app-connections/supabase,intentionally_omitted,appConnections,appConnections.otherProviders.admin,app-connections-other-providers-omitted
app-connections/supabase/delete.mdx,DELETE,/api/v1/app-connections/supabase/{connectionId},intentionally_omitted,appConnections,appConnections.otherProviders.admin,app-connections-other-providers-omitted
app-connections/supabase/get-by-id.mdx,GET,/api/v1/app-connections/supabase/{connectionId},superseded,appConnections,appConnections.read,app-connections-provider-id-read-superseded
app-connections/supabase/get-by-name.mdx,GET,/api/v1/app-connections/supabase/connection-name/{connectionName},superseded,appConnections,appConnections.read,app-connections-provider-name-read-superseded
app-connections/supabase/list.mdx,GET,/api/v1/app-connections/supabase,superseded,appConnections,appConnections.read,app-connections-provider-list-superseded
app-connections/supabase/update.mdx,PATCH,/api/v1/app-connections/supabase/{connectionId},intentionally_omitted,appConnections,appConnections.otherProviders.admin,app-connections-other-providers-omitted
app-connections/teamcity/available.mdx,GET,/api/v1/app-connections/teamcity/available,superseded,appConnections,appConnections.read,app-connections-provider-availability-superseded
app-connections/teamcity/create.mdx,POST,/api/v1/app-connections/teamcity,intentionally_omitted,appConnections,appConnections.otherProviders.admin,app-connections-other-providers-omitted
app-connections/teamcity/delete.mdx,DELETE,/api/v1/app-connections/teamcity/{connectionId},intentionally_omitted,appConnections,appConnections.otherProviders.admin,app-connections-other-providers-omitted
app-connections/teamcity/get-by-id.mdx,GET,/api/v1/app-connections/teamcity/{connectionId},superseded,appConnections,appConnections.read,app-connections-provider-id-read-superseded
app-connections/teamcity/get-by-name.mdx,GET,/api/v1/app-connections/teamcity/connection-name/{connectionName},superseded,appConnections,appConnections.read,app-connections-provider-name-read-superseded
app-connections/teamcity/list.mdx,GET,/api/v1/app-connections/teamcity,superseded,appConnections,appConnections.read,app-connections-provider-list-superseded
app-connections/teamcity/update.mdx,PATCH,/api/v1/app-connections/teamcity/{connectionId},intentionally_omitted,appConnections,appConnections.otherProviders.admin,app-connections-other-providers-omitted
app-connections/terraform-cloud/available.mdx,GET,/api/v1/app-connections/terraform-cloud/available,superseded,appConnections,appConnections.read,app-connections-provider-availability-superseded
app-connections/terraform-cloud/create.mdx,POST,/api/v1/app-connections/terraform-cloud,intentionally_omitted,appConnections,appConnections.otherProviders.admin,app-connections-other-providers-omitted
app-connections/terraform-cloud/delete.mdx,DELETE,/api/v1/app-connections/terraform-cloud/{connectionId},intentionally_omitted,appConnections,appConnections.otherProviders.admin,app-connections-other-providers-omitted
app-connections/terraform-cloud/get-by-id.mdx,GET,/api/v1/app-connections/terraform-cloud/{connectionId},superseded,appConnections,appConnections.read,app-connections-provider-id-read-superseded
app-connections/terraform-cloud/get-by-name.mdx,GET,/api/v1/app-connections/terraform-cloud/connection-name/{connectionName},superseded,appConnections,appConnections.read,app-connections-provider-name-read-superseded
app-connections/terraform-cloud/list.mdx,GET,/api/v1/app-connections/terraform-cloud,superseded,appConnections,appConnections.read,app-connections-provider-list-superseded
app-connections/terraform-cloud/update.mdx,PATCH,/api/v1/app-connections/terraform-cloud/{connectionId},intentionally_omitted,appConnections,appConnections.otherProviders.admin,app-connections-other-providers-omitted
app-connections/venafi/available.mdx,GET,/api/v1/app-connections/venafi/available,superseded,appConnections,appConnections.read,app-connections-provider-availability-superseded
app-connections/venafi/create.mdx,POST,/api/v1/app-connections/venafi,intentionally_omitted,appConnections,appConnections.otherProviders.admin,app-connections-other-providers-omitted
app-connections/venafi/delete.mdx,DELETE,/api/v1/app-connections/venafi/{connectionId},intentionally_omitted,appConnections,appConnections.otherProviders.admin,app-connections-other-providers-omitted
app-connections/venafi/get-by-id.mdx,GET,/api/v1/app-connections/venafi/{connectionId},superseded,appConnections,appConnections.read,app-connections-provider-id-read-superseded
app-connections/venafi/get-by-name.mdx,GET,/api/v1/app-connections/venafi/connection-name/{connectionName},superseded,appConnections,appConnections.read,app-connections-provider-name-read-superseded
app-connections/venafi/list.mdx,GET,/api/v1/app-connections/venafi,superseded,appConnections,appConnections.read,app-connections-provider-list-superseded
app-connections/venafi/update.mdx,PATCH,/api/v1/app-connections/venafi/{connectionId},intentionally_omitted,appConnections,appConnections.otherProviders.admin,app-connections-other-providers-omitted
app-connections/vercel/available.mdx,GET,/api/v1/app-connections/vercel/available,superseded,appConnections,appConnections.read,app-connections-provider-availability-superseded
app-connections/vercel/create.mdx,POST,/api/v1/app-connections/vercel,intentionally_omitted,appConnections,appConnections.otherProviders.admin,app-connections-other-providers-omitted
app-connections/vercel/delete.mdx,DELETE,/api/v1/app-connections/vercel/{connectionId},intentionally_omitted,appConnections,appConnections.otherProviders.admin,app-connections-other-providers-omitted
app-connections/vercel/get-by-id.mdx,GET,/api/v1/app-connections/vercel/{connectionId},superseded,appConnections,appConnections.read,app-connections-provider-id-read-superseded
app-connections/vercel/get-by-name.mdx,GET,/api/v1/app-connections/vercel/connection-name/{connectionName},superseded,appConnections,appConnections.read,app-connections-provider-name-read-superseded
app-connections/vercel/list.mdx,GET,/api/v1/app-connections/vercel,superseded,appConnections,appConnections.read,app-connections-provider-list-superseded
app-connections/vercel/update.mdx,PATCH,/api/v1/app-connections/vercel/{connectionId},intentionally_omitted,appConnections,appConnections.otherProviders.admin,app-connections-other-providers-omitted
app-connections/windmill/available.mdx,GET,/api/v1/app-connections/windmill/available,superseded,appConnections,appConnections.read,app-connections-provider-availability-superseded
app-connections/windmill/create.mdx,POST,/api/v1/app-connections/windmill,intentionally_omitted,appConnections,appConnections.otherProviders.admin,app-connections-other-providers-omitted
app-connections/windmill/delete.mdx,DELETE,/api/v1/app-connections/windmill/{connectionId},intentionally_omitted,appConnections,appConnections.otherProviders.admin,app-connections-other-providers-omitted
app-connections/windmill/get-by-id.mdx,GET,/api/v1/app-connections/windmill/{connectionId},superseded,appConnections,appConnections.read,app-connections-provider-id-read-superseded
app-connections/windmill/get-by-name.mdx,GET,/api/v1/app-connections/windmill/connection-name/{connectionName},superseded,appConnections,appConnections.read,app-connections-provider-name-read-superseded
app-connections/windmill/list.mdx,GET,/api/v1/app-connections/windmill,superseded,appConnections,appConnections.read,app-connections-provider-list-superseded
app-connections/windmill/update.mdx,PATCH,/api/v1/app-connections/windmill/{connectionId},intentionally_omitted,appConnections,appConnections.otherProviders.admin,app-connections-other-providers-omitted
app-connections/zabbix/available.mdx,GET,/api/v1/app-connections/zabbix/available,superseded,appConnections,appConnections.read,app-connections-provider-availability-superseded
app-connections/zabbix/create.mdx,POST,/api/v1/app-connections/zabbix,intentionally_omitted,appConnections,appConnections.otherProviders.admin,app-connections-other-providers-omitted
app-connections/zabbix/delete.mdx,DELETE,/api/v1/app-connections/zabbix/{connectionId},intentionally_omitted,appConnections,appConnections.otherProviders.admin,app-connections-other-providers-omitted
app-connections/zabbix/get-by-id.mdx,GET,/api/v1/app-connections/zabbix/{connectionId},superseded,appConnections,appConnections.read,app-connections-provider-id-read-superseded
app-connections/zabbix/get-by-name.mdx,GET,/api/v1/app-connections/zabbix/connection-name/{connectionName},superseded,appConnections,appConnections.read,app-connections-provider-name-read-superseded
app-connections/zabbix/list.mdx,GET,/api/v1/app-connections/zabbix,superseded,appConnections,appConnections.read,app-connections-provider-list-superseded
app-connections/zabbix/update.mdx,PATCH,/api/v1/app-connections/zabbix/{connectionId},intentionally_omitted,appConnections,appConnections.otherProviders.admin,app-connections-other-providers-omitted
audit-logs/export-audit-log.mdx,GET,/api/v1/organization/audit-logs,implemented,auditLogs,auditLogs.read,audit-logs-implemented
aws-auth/attach.mdx,POST,/api/v1/auth/aws-auth/identities/{identityId},intentionally_omitted,identityAwsAuth,identityAwsAuth.admin,aws-auth-omitted
aws-auth/login.mdx,POST,/api/v1/auth/aws-auth/login,intentionally_omitted,identityAwsAuth,identityAwsAuth.admin,aws-auth-omitted
aws-auth/retrieve.mdx,GET,/api/v1/auth/aws-auth/identities/{identityId},intentionally_omitted,identityAwsAuth,identityAwsAuth.admin,aws-auth-omitted
aws-auth/revoke.mdx,DELETE,/api/v1/auth/aws-auth/identities/{identityId},intentionally_omitted,identityAwsAuth,identityAwsAuth.admin,aws-auth-omitted
aws-auth/update.mdx,PATCH,/api/v1/auth/aws-auth/identities/{identityId},intentionally_omitted,identityAwsAuth,identityAwsAuth.admin,aws-auth-omitted
azure-auth/attach.mdx,POST,/api/v1/auth/azure-auth/identities/{identityId},intentionally_omitted,identityAzureAuth,identityAzureAuth.admin,azure-auth-omitted
azure-auth/login.mdx,POST,/api/v1/auth/azure-auth/login,intentionally_omitted,identityAzureAuth,identityAzureAuth.admin,azure-auth-omitted
azure-auth/retrieve.mdx,GET,/api/v1/auth/azure-auth/identities/{identityId},intentionally_omitted,identityAzureAuth,identityAzureAuth.admin,azure-auth-omitted
azure-auth/revoke.mdx,DELETE,/api/v1/auth/azure-auth/identities/{identityId},intentionally_omitted,identityAzureAuth,identityAzureAuth.admin,azure-auth-omitted
azure-auth/update.mdx,PATCH,/api/v1/auth/azure-auth/identities/{identityId},intentionally_omitted,identityAzureAuth,identityAzureAuth.admin,azure-auth-omitted
certificate-authorities/acme/create.mdx,POST,/api/v1/cert-manager/ca/acme,intentionally_omitted,certificateAuthorities.external,certificateAuthorities.external.admin,external-certificate-authorities-omitted
certificate-authorities/acme/delete.mdx,DELETE,/api/v1/cert-manager/ca/acme/{id},intentionally_omitted,certificateAuthorities.external,certificateAuthorities.external.admin,external-certificate-authorities-omitted
certificate-authorities/acme/list.mdx,GET,/api/v1/cert-manager/ca/acme,intentionally_omitted,certificateAuthorities.external,certificateAuthorities.external.admin,external-certificate-authorities-omitted
certificate-authorities/acme/read.mdx,GET,/api/v1/cert-manager/ca/acme/{id},intentionally_omitted,certificateAuthorities.external,certificateAuthorities.external.admin,external-certificate-authorities-omitted
certificate-authorities/acme/update.mdx,PATCH,/api/v1/cert-manager/ca/acme/{id},intentionally_omitted,certificateAuthorities.external,certificateAuthorities.external.admin,external-certificate-authorities-omitted
certificate-authorities/aws-acm-public-ca/create.mdx,POST,/api/v1/cert-manager/ca/aws-acm-public-ca,intentionally_omitted,certificateAuthorities.external,certificateAuthorities.external.admin,external-certificate-authorities-omitted
certificate-authorities/aws-acm-public-ca/delete.mdx,DELETE,/api/v1/cert-manager/ca/aws-acm-public-ca/{id},intentionally_omitted,certificateAuthorities.external,certificateAuthorities.external.admin,external-certificate-authorities-omitted
certificate-authorities/aws-acm-public-ca/list.mdx,GET,/api/v1/cert-manager/ca/aws-acm-public-ca,intentionally_omitted,certificateAuthorities.external,certificateAuthorities.external.admin,external-certificate-authorities-omitted
certificate-authorities/aws-acm-public-ca/read.mdx,GET,/api/v1/cert-manager/ca/aws-acm-public-ca/{id},intentionally_omitted,certificateAuthorities.external,certificateAuthorities.external.admin,external-certificate-authorities-omitted
certificate-authorities/aws-acm-public-ca/update.mdx,PATCH,/api/v1/cert-manager/ca/aws-acm-public-ca/{id},intentionally_omitted,certificateAuthorities.external,certificateAuthorities.external.admin,external-certificate-authorities-omitted
certificate-authorities/aws-pca/create.mdx,POST,/api/v1/cert-manager/ca/aws-pca,intentionally_omitted,certificateAuthorities.external,certificateAuthorities.external.admin,external-certificate-authorities-omitted
certificate-authorities/aws-pca/delete.mdx,DELETE,/api/v1/cert-manager/ca/aws-pca/{id},intentionally_omitted,certificateAuthorities.external,certificateAuthorities.external.admin,external-certificate-authorities-omitted
certificate-authorities/aws-pca/list.mdx,GET,/api/v1/cert-manager/ca/aws-pca,intentionally_omitted,certificateAuthorities.external,certificateAuthorities.external.admin,external-certificate-authorities-omitted
certificate-authorities/aws-pca/read.mdx,GET,/api/v1/cert-manager/ca/aws-pca/{id},intentionally_omitted,certificateAuthorities.external,certificateAuthorities.external.admin,external-certificate-authorities-omitted
certificate-authorities/aws-pca/update.mdx,PATCH,/api/v1/cert-manager/ca/aws-pca/{id},intentionally_omitted,certificateAuthorities.external,certificateAuthorities.external.admin,external-certificate-authorities-omitted
certificate-authorities/digicert/create.mdx,POST,/api/v1/cert-manager/ca/digicert,intentionally_omitted,certificateAuthorities.external,certificateAuthorities.external.admin,external-certificate-authorities-omitted
certificate-authorities/digicert/delete.mdx,DELETE,/api/v1/cert-manager/ca/digicert/{id},intentionally_omitted,certificateAuthorities.external,certificateAuthorities.external.admin,external-certificate-authorities-omitted
certificate-authorities/digicert/list.mdx,GET,/api/v1/cert-manager/ca/digicert,intentionally_omitted,certificateAuthorities.external,certificateAuthorities.external.admin,external-certificate-authorities-omitted
certificate-authorities/digicert/read.mdx,GET,/api/v1/cert-manager/ca/digicert/{id},intentionally_omitted,certificateAuthorities.external,certificateAuthorities.external.admin,external-certificate-authorities-omitted
certificate-authorities/digicert/update.mdx,PATCH,/api/v1/cert-manager/ca/digicert/{id},intentionally_omitted,certificateAuthorities.external,certificateAuthorities.external.admin,external-certificate-authorities-omitted
certificate-authorities/internal/cert.mdx,GET,/api/v1/cert-manager/ca/internal/{caId}/certificate,implemented,certificateAuthorities.internal,certificateAuthorities.internal.certificateOperations,internal-certificate-authorities-implemented--implemented-certificateauthorities-internal-certificateoperations
certificate-authorities/internal/create-signing-config.mdx,POST,/api/v1/cert-manager/ca/internal/{caId}/signing-config,intentionally_omitted,certificateAuthorities.internal.signingConfig,certificateAuthorities.internal.signingConfig,internal-ca-signing-config-create-omitted
certificate-authorities/internal/create.mdx,POST,/api/v1/cert-manager/ca/internal,implemented,certificateAuthorities.internal,certificateAuthorities.internal.create,internal-certificate-authorities-implemented--implemented-certificateauthorities-internal-create
certificate-authorities/internal/crl.mdx,GET,/api/v1/cert-manager/ca/internal/{caId}/crls,implemented,certificateAuthorities.internal,certificateAuthorities.internal.certificateOperations,internal-certificate-authorities-implemented--implemented-certificateauthorities-internal-certificateoperations
certificate-authorities/internal/csr.mdx,GET,/api/v1/cert-manager/ca/internal/{caId}/csr,implemented,certificateAuthorities.internal,certificateAuthorities.internal.certificateOperations,internal-certificate-authorities-implemented--implemented-certificateauthorities-internal-certificateoperations
certificate-authorities/internal/delete.mdx,DELETE,/api/v1/cert-manager/ca/internal/{id},implemented,certificateAuthorities.internal,certificateAuthorities.internal.delete,internal-certificate-authorities-implemented--implemented-certificateauthorities-internal-delete
certificate-authorities/internal/get-auto-renewal.mdx,GET,/api/v1/cert-manager/ca/internal/{caId}/auto-renewal,intentionally_omitted,certificateAuthorities.internal.autoRenewal,certificateAuthorities.internal.autoRenewal,internal-ca-auto-renewal-read-omitted
certificate-authorities/internal/get-signing-config.mdx,GET,/api/v1/cert-manager/ca/internal/{caId}/signing-config,intentionally_omitted,certificateAuthorities.internal.signingConfig,certificateAuthorities.internal.signingConfig,internal-ca-signing-config-read-omitted
certificate-authorities/internal/import-cert.mdx,POST,/api/v1/cert-manager/ca/internal/{caId}/import-certificate,implemented,certificateAuthorities.internal,certificateAuthorities.internal.certificateOperations,internal-certificate-authorities-implemented--implemented-certificateauthorities-internal-certificateoperations
certificate-authorities/internal/install-cert-adcs.mdx,POST,/api/v1/cert-manager/ca/internal/{caId}/install-certificate-adcs,intentionally_omitted,certificateAuthorities.internal.installation,certificateAuthorities.internal.installExternalCertificate,internal-ca-adcs-install-omitted
certificate-authorities/internal/install-cert-venafi.mdx,POST,/api/v1/cert-manager/ca/internal/{caId}/install-certificate-venafi,intentionally_omitted,certificateAuthorities.internal.installation,certificateAuthorities.internal.installExternalCertificate,internal-ca-venafi-install-omitted
certificate-authorities/internal/list-ca-certs.mdx,GET,/api/v1/cert-manager/ca/internal/{caId}/ca-certificates,implemented,certificateAuthorities.internal,certificateAuthorities.internal.certificateOperations,internal-certificate-authorities-implemented--implemented-certificateauthorities-internal-certificateoperations
certificate-authorities/internal/list.mdx,GET,/api/v1/cert-manager/ca/internal,implemented,certificateAuthorities.internal,certificateAuthorities.read,internal-certificate-authorities-implemented--implemented-certificateauthorities-read
certificate-authorities/internal/read.mdx,GET,/api/v1/cert-manager/ca/internal/{id},implemented,certificateAuthorities.internal,certificateAuthorities.read,internal-certificate-authorities-implemented--implemented-certificateauthorities-read
certificate-authorities/internal/renew.mdx,POST,/api/v1/cert-manager/ca/internal/{caId}/renew,implemented,certificateAuthorities.internal,certificateAuthorities.internal.certificateOperations,internal-certificate-authorities-implemented--implemented-certificateauthorities-internal-certificateoperations
certificate-authorities/internal/sign-intermediate.mdx,POST,/api/v1/cert-manager/ca/internal/{caId}/sign-intermediate,implemented,certificateAuthorities.internal,certificateAuthorities.internal.certificateOperations,internal-certificate-authorities-implemented--implemented-certificateauthorities-internal-certificateoperations
certificate-authorities/internal/update-auto-renewal.mdx,PATCH,/api/v1/cert-manager/ca/internal/{caId}/auto-renewal,intentionally_omitted,certificateAuthorities.internal.autoRenewal,certificateAuthorities.internal.autoRenewal,internal-ca-auto-renewal-update-omitted
certificate-authorities/internal/update-signing-config.mdx,PATCH,/api/v1/cert-manager/ca/internal/{caId}/signing-config,intentionally_omitted,certificateAuthorities.internal.signingConfig,certificateAuthorities.internal.signingConfig,internal-ca-signing-config-update-omitted
certificate-authorities/internal/update.mdx,PATCH,/api/v1/cert-manager/ca/internal/{id},implemented,certificateAuthorities.internal,certificateAuthorities.internal.update,internal-certificate-authorities-implemented--implemented-certificateauthorities-internal-update
certificate-policies/create.mdx,POST,/api/v1/cert-manager/certificate-policies,implemented,certificatePolicies,certificatePolicies.create,certificate-policy-create-implemented
certificate-policies/delete.mdx,DELETE,/api/v1/cert-manager/certificate-policies/{id},implemented,certificatePolicies,certificatePolicies.delete,certificate-policy-delete-implemented
certificate-policies/get-by-id.mdx,GET,/api/v1/cert-manager/certificate-policies/{id},implemented,certificatePolicies,certificatePolicies.read,certificate-policy-read-implemented
certificate-policies/list.mdx,GET,/api/v1/cert-manager/certificate-policies,implemented,certificatePolicies,certificatePolicies.read,certificate-policy-read-implemented
certificate-policies/update.mdx,PATCH,/api/v1/cert-manager/certificate-policies/{id},implemented,certificatePolicies,certificatePolicies.update,certificate-policy-update-implemented
certificate-profiles/create.mdx,POST,/api/v1/cert-manager/certificate-profiles,implemented,certificateProfiles,certificateProfiles.create,certificate-profiles-implemented--implemented-certificateprofiles-create
certificate-profiles/delete.mdx,DELETE,/api/v1/cert-manager/certificate-profiles/{id},implemented,certificateProfiles,certificateProfiles.delete,certificate-profiles-implemented--implemented-certificateprofiles-delete
certificate-profiles/get-by-id.mdx,GET,/api/v1/cert-manager/certificate-profiles/{id},implemented,certificateProfiles,certificateProfiles.read,certificate-profiles-implemented--implemented-certificateprofiles-read
certificate-profiles/get-by-slug.mdx,GET,/api/v1/cert-manager/certificate-profiles/slug/{slug},implemented,certificateProfiles,certificateProfiles.read,certificate-profiles-implemented--implemented-certificateprofiles-read
certificate-profiles/get-latest-active-bundle.mdx,GET,/api/v1/cert-manager/certificate-profiles/{id}/certificates/latest-active-bundle,implemented,certificateProfiles,certificateProfiles.latestActiveBundle.reveal,certificate-profiles-implemented--implemented-certificateprofiles-latestactivebundle-reveal
certificate-profiles/list-certificates.mdx,GET,/api/v1/cert-manager/certificate-profiles/{id}/certificates,implemented,certificateProfiles,certificateProfiles.certificates.read,certificate-profiles-implemented--implemented-certificateprofiles-certificates-read
certificate-profiles/list.mdx,GET,/api/v1/cert-manager/certificate-profiles,implemented,certificateProfiles,certificateProfiles.read,certificate-profiles-implemented--implemented-certificateprofiles-read
certificate-profiles/update.mdx,PATCH,/api/v1/cert-manager/certificate-profiles/{id},implemented,certificateProfiles,certificateProfiles.update,certificate-profiles-implemented--implemented-certificateprofiles-update
certificate-syncs/list.mdx,GET,/api/v1/cert-manager/syncs,deferred,certificateSyncs,certificateSyncs.admin,certificate-syncs-deferred
certificate-syncs/options.mdx,GET,/api/v1/cert-manager/syncs/options,deferred,certificateSyncs,certificateSyncs.admin,certificate-syncs-deferred
certificate-templates/create.mdx,POST,/api/v1/cert-manager/certificate-templates,intentionally_omitted,certificateTemplates,certificateTemplates.admin,certificate-templates-omitted
certificate-templates/delete.mdx,DELETE,/api/v1/cert-manager/certificate-templates/{id},intentionally_omitted,certificateTemplates,certificateTemplates.admin,certificate-templates-omitted
certificate-templates/get-by-id.mdx,GET,/api/v1/cert-manager/certificate-templates/{id},intentionally_omitted,certificateTemplates,certificateTemplates.admin,certificate-templates-omitted
certificate-templates/list.mdx,GET,/api/v1/cert-manager/certificate-templates,intentionally_omitted,certificateTemplates,certificateTemplates.admin,certificate-templates-omitted
certificate-templates/update.mdx,PATCH,/api/v1/cert-manager/certificate-templates/{id},intentionally_omitted,certificateTemplates,certificateTemplates.admin,certificate-templates-omitted
certificates/bundle.mdx,GET,/api/v1/cert-manager/certificates/{id}/bundle,implemented,certificates,certificates.materialTransfer,certificate-material-transfer-implemented
certificates/cancel-certificate-request.mdx,POST,/api/v1/cert-manager/certificates/certificate-requests/{requestId}/cancel,implemented,certificateRequests,certificateRequests.cancel,certificate-request-cancellation-implemented
certificates/cert-body.mdx,GET,/api/v1/cert-manager/certificates/{id}/certificate,implemented,certificates,certificates.materialTransfer,certificate-material-transfer-implemented
certificates/certificate-request.mdx,GET,/api/v1/cert-manager/certificates/certificate-requests/{requestId},implemented,certificateRequests,certificateRequests.result.reveal,certificate-request-result-implemented
certificates/create-certificate.mdx,POST,/api/v1/cert-manager/certificates,implemented,certificates,certificates.issue,certificate-issuance-implemented
certificates/delete.mdx,DELETE,/api/v1/cert-manager/certificates/{id},implemented,certificates,certificates.delete,certificate-deletion-implemented
certificates/import-certificate.mdx,POST,/api/v1/cert-manager/certificates/import-certificate,implemented,certificates,certificates.materialTransfer,certificate-material-transfer-implemented
certificates/issue-certificate.mdx,POST,/api/v1/cert-manager/certificates/issue-certificate,superseded,certificates,certificates.issue,certificate-issuance-legacy-superseded
certificates/private-key.mdx,GET,/api/v1/cert-manager/certificates/{id}/private-key,implemented,certificates,certificates.materialTransfer,certificate-material-transfer-implemented
certificates/read.mdx,GET,/api/v1/cert-manager/certificates/{id},superseded,certificates,certificates.inventory,certificate-read-superseded
certificates/renew.mdx,POST,/api/v1/cert-manager/certificates/{id}/renew,implemented,certificates,certificates.renew,certificate-renewal-implemented
certificates/revoke.mdx,POST,/api/v1/cert-manager/certificates/{id}/revoke,implemented,certificates,certificates.revoke,certificate-revocation-implemented
certificates/search-certificate-requests.mdx,POST,/api/v1/cert-manager/certificates/certificate-requests/search,implemented,certificateRequests,certificateRequests.observe,certificate-request-inventory-implemented
certificates/search.mdx,POST,/api/v1/projects/{projectId}/certificates/search,implemented,certificates,certificates.inventory,certificate-inventory-read-implemented
certificates/sign-certificate.mdx,POST,/api/v1/cert-manager/certificates/sign-certificate,superseded,certificates,certificates.issue,certificate-issuance-legacy-superseded
certificates/update-config.mdx,PATCH,/api/v1/cert-manager/certificates/{id}/config,implemented,certificates,certificates.renewalConfiguration.update,certificate-renewal-configuration-implemented
code-signing/signers/create.mdx,POST,/api/v1/cert-manager/signers,implemented,codeSigners,codeSigners.create,code-signing-implemented--implemented-codesigners-create
code-signing/signers/delete.mdx,DELETE,/api/v1/cert-manager/signers/{signerId},implemented,codeSigners,codeSigners.delete,code-signing-implemented--implemented-codesigners-delete
code-signing/signers/disable.mdx,POST,/api/v1/cert-manager/signers/{signerId}/disable,implemented,codeSigners,codeSigners.status.update,code-signing-implemented--implemented-codesigners-status-update
code-signing/signers/enable.mdx,POST,/api/v1/cert-manager/signers/{signerId}/enable,implemented,codeSigners,codeSigners.status.update,code-signing-implemented--implemented-codesigners-status-update
code-signing/signers/export-certificate.mdx,GET,/api/v1/cert-manager/signers/{signerId}/certificate,implemented,codeSigners,codeSigners.certificate.export,code-signing-implemented--implemented-codesigners-certificate-export
code-signing/signers/get-policy.mdx,GET,/api/v1/cert-manager/signers/{signerId}/approval-policy,implemented,codeSigners,codeSigners.approvalPolicy.read,code-signing-implemented--implemented-codesigners-approvalpolicy-read
code-signing/signers/list-operations.mdx,GET,/api/v1/cert-manager/signers/{signerId}/operations,implemented,codeSigners,codeSigners.operations.read,code-signing-implemented--implemented-codesigners-operations-read
code-signing/signers/list-requests.mdx,GET,/api/v1/cert-manager/signers/{signerId}/requests,implemented,codeSigners,codeSigners.approvalRequests.read,code-signing-implemented--implemented-codesigners-approvalrequests-read
code-signing/signers/list.mdx,GET,/api/v1/cert-manager/signers,implemented,codeSigners,codeSigners.read,code-signing-implemented--implemented-codesigners-read
code-signing/signers/pre-approve.mdx,POST,/api/v1/cert-manager/signers/{signerId}/requests/pre-approve,implemented,codeSigners,codeSigners.approvalRequests.preApprove,code-signing-implemented--implemented-codesigners-approvalrequests-preapprove
code-signing/signers/public-key.mdx,GET,/api/v1/cert-manager/signers/{signerId}/public-key,implemented,codeSigners,codeSigners.publicKey.read,code-signing-implemented--implemented-codesigners-publickey-read
code-signing/signers/read.mdx,GET,/api/v1/cert-manager/signers/{signerId},implemented,codeSigners,codeSigners.read,code-signing-implemented--implemented-codesigners-read
code-signing/signers/reissue-certificate.mdx,POST,/api/v1/cert-manager/signers/{signerId}/certificate/reissue,implemented,codeSigners,codeSigners.certificate.reissue.internal,code-signing-implemented--implemented-codesigners-certificate-reissue-internal
code-signing/signers/request-to-sign.mdx,POST,/api/v1/cert-manager/signers/{signerId}/requests,implemented,codeSigners,codeSigners.approvalRequests.create,code-signing-implemented--implemented-codesigners-approvalrequests-create
code-signing/signers/revoke-request.mdx,POST,/api/v1/cert-manager/signers/{signerId}/requests/{requestId}/revoke,implemented,codeSigners,codeSigners.approvalRequests.revoke,code-signing-implemented--implemented-codesigners-approvalrequests-revoke
code-signing/signers/sign.mdx,POST,/api/v1/cert-manager/signers/{signerId}/sign,implemented,codeSigners,codeSigners.sign,code-signing-implemented--implemented-codesigners-sign
code-signing/signers/update-policy.mdx,PATCH,/api/v1/cert-manager/signers/{signerId}/approval-policy,implemented,codeSigners,codeSigners.approvalPolicy.replace,code-signing-implemented--implemented-codesigners-approvalpolicy-replace
code-signing/signers/update.mdx,PATCH,/api/v1/cert-manager/signers/{signerId},implemented,codeSigners,codeSigners.update,code-signing-implemented--implemented-codesigners-update
deprecated/environments/create.mdx,POST,/api/v1/workspace/{workspaceId}/environments,deprecated,deprecated,,pinned-deprecated-document
deprecated/environments/delete.mdx,DELETE,/api/v1/workspace/{workspaceId}/environments/{id},deprecated,deprecated,,pinned-deprecated-document
deprecated/environments/update.mdx,PATCH,/api/v1/workspace/{workspaceId}/environments/{id},deprecated,deprecated,,pinned-deprecated-document
deprecated/folders/create.mdx,POST,/api/v1/folders,deprecated,deprecated,,pinned-deprecated-document
deprecated/folders/delete.mdx,DELETE,/api/v1/folders/{folderIdOrName},deprecated,deprecated,,pinned-deprecated-document
deprecated/folders/get-by-id.mdx,GET,/api/v1/folders/{id},deprecated,deprecated,,pinned-deprecated-document
deprecated/folders/list.mdx,GET,/api/v1/folders,deprecated,deprecated,,pinned-deprecated-document
deprecated/folders/update.mdx,PATCH,/api/v1/folders/{folderId},deprecated,deprecated,,pinned-deprecated-document
deprecated/identities/search.mdx,POST,/api/v1/identities/search,deprecated,deprecated,,pinned-deprecated-document
deprecated/organization-groups/list-by-org-id.mdx,GET,/api/v1/organization/{organizationId}/groups,deprecated,deprecated,,pinned-deprecated-document
deprecated/organizations/projects.mdx,GET,/api/v2/organizations/{organizationId}/workspaces,deprecated,deprecated,,pinned-deprecated-document
deprecated/project-groups-v1/create.mdx,POST,/api/v1/projects/{projectId}/groups/{groupIdOrName},deprecated,deprecated,,pinned-deprecated-document
deprecated/project-groups-v1/delete.mdx,DELETE,/api/v1/projects/{projectId}/groups/{groupId},deprecated,deprecated,,pinned-deprecated-document
deprecated/project-groups-v1/get-by-id.mdx,GET,/api/v1/projects/{projectId}/groups/{groupId},deprecated,deprecated,,pinned-deprecated-document
deprecated/project-groups-v1/list.mdx,GET,/api/v1/projects/{projectId}/groups,deprecated,deprecated,,pinned-deprecated-document
deprecated/project-groups-v1/update.mdx,PATCH,/api/v1/projects/{projectId}/groups/{groupId},deprecated,deprecated,,pinned-deprecated-document
deprecated/project-groups/create.mdx,POST,/api/v2/workspace/{projectId}/groups/{groupIdOrName},deprecated,deprecated,,pinned-deprecated-document
deprecated/project-groups/delete.mdx,DELETE,/api/v2/workspace/{projectId}/groups/{groupId},deprecated,deprecated,,pinned-deprecated-document
deprecated/project-groups/get-by-id.mdx,GET,/api/v2/workspace/{projectId}/groups/{groupId},deprecated,deprecated,,pinned-deprecated-document
deprecated/project-groups/list.mdx,GET,/api/v2/workspace/{projectId}/groups,deprecated,deprecated,,pinned-deprecated-document
deprecated/project-groups/update.mdx,PATCH,/api/v2/workspace/{projectId}/groups/{groupId},deprecated,deprecated,,pinned-deprecated-document
deprecated/project-identities-v2/add-identity-membership.mdx,POST,/api/v1/projects/{projectId}/identity-memberships/{identityId},deprecated,deprecated,,pinned-deprecated-document
deprecated/project-identities-v2/delete-identity-membership.mdx,DELETE,/api/v1/projects/{projectId}/identity-memberships/{identityId},deprecated,deprecated,,pinned-deprecated-document
deprecated/project-identities-v2/get-by-id.mdx,GET,/api/v1/projects/{projectId}/identity-memberships/{identityId},deprecated,deprecated,,pinned-deprecated-document
deprecated/project-identities-v2/list-identity-memberships.mdx,GET,/api/v1/projects/{projectId}/identity-memberships,deprecated,deprecated,,pinned-deprecated-document
deprecated/project-identities-v2/update-identity-membership.mdx,PATCH,/api/v1/projects/{projectId}/identity-memberships/{identityId},deprecated,deprecated,,pinned-deprecated-document
deprecated/project-identities/add-identity-membership.mdx,POST,/api/v2/workspace/{projectId}/identity-memberships/{identityId},deprecated,deprecated,,pinned-deprecated-document
deprecated/project-identities/delete-identity-membership.mdx,DELETE,/api/v2/workspace/{projectId}/identity-memberships/{identityId},deprecated,deprecated,,pinned-deprecated-document
deprecated/project-identities/get-by-id.mdx,GET,/api/v2/workspace/{projectId}/identity-memberships/{identityId},deprecated,deprecated,,pinned-deprecated-document
deprecated/project-identities/list-identity-memberships.mdx,GET,/api/v2/workspace/{projectId}/identity-memberships,deprecated,deprecated,,pinned-deprecated-document
deprecated/project-identities/update-identity-membership.mdx,PATCH,/api/v2/workspace/{projectId}/identity-memberships/{identityId},deprecated,deprecated,,pinned-deprecated-document
deprecated/project-roles/create.mdx,POST,/api/v2/workspace/{projectId}/roles,deprecated,deprecated,,pinned-deprecated-document
deprecated/project-roles/delete.mdx,DELETE,/api/v2/workspace/{projectId}/roles/{roleId},deprecated,deprecated,,pinned-deprecated-document
deprecated/project-roles/get-by-slug.mdx,GET,/api/v2/workspace/{projectId}/roles/slug/{roleSlug},deprecated,deprecated,,pinned-deprecated-document
deprecated/project-roles/list.mdx,GET,/api/v2/workspace/{projectId}/roles,deprecated,deprecated,,pinned-deprecated-document
deprecated/project-roles/update.mdx,PATCH,/api/v2/workspace/{projectId}/roles/{roleId},deprecated,deprecated,,pinned-deprecated-document
deprecated/project-users/delete-membership.mdx,DELETE,/api/v1/workspace/{workspaceId}/memberships/{membershipId},deprecated,deprecated,,pinned-deprecated-document
deprecated/project-users/get-by-username.mdx,POST,/api/v1/workspace/{workspaceId}/memberships/details,deprecated,deprecated,,pinned-deprecated-document
deprecated/project-users/invite-member-to-project.mdx,POST,/api/v2/workspace/{projectId}/memberships,deprecated,deprecated,,pinned-deprecated-document
deprecated/project-users/memberships.mdx,GET,/api/v1/workspace/{workspaceId}/memberships,deprecated,deprecated,,pinned-deprecated-document
deprecated/project-users/remove-member-from-project.mdx,DELETE,/api/v2/workspace/{projectId}/memberships,deprecated,deprecated,,pinned-deprecated-document
deprecated/project-users/update-membership.mdx,PATCH,/api/v1/workspace/{workspaceId}/memberships/{membershipId},deprecated,deprecated,,pinned-deprecated-document
deprecated/projects/create-project.mdx,POST,/api/v2/workspace,deprecated,deprecated,,pinned-deprecated-document
deprecated/projects/delete-project.mdx,DELETE,/api/v1/workspace/{workspaceId},deprecated,deprecated,,pinned-deprecated-document
deprecated/projects/get-project-by-slug.mdx,GET,/api/v2/workspace/{slug},deprecated,deprecated,,pinned-deprecated-document
deprecated/projects/get-project.mdx,GET,/api/v1/workspace/{workspaceId},deprecated,deprecated,,pinned-deprecated-document
deprecated/projects/project-key.mdx,GET,/api/v2/workspace/{workspaceId}/encrypted-key,deprecated,deprecated,,pinned-deprecated-document
deprecated/projects/project-workspace.mdx,PATCH,/api/v1/workspace/{workspaceId},deprecated,deprecated,,pinned-deprecated-document
deprecated/projects/rollback-snapshot.mdx,POST,/api/v1/secret-snapshot/{secretSnapshotId}/rollback,deprecated,deprecated,,pinned-deprecated-document
deprecated/projects/secret-snapshots.mdx,GET,/api/v1/workspace/{workspaceId}/secret-snapshots,deprecated,deprecated,,pinned-deprecated-document
deprecated/projects/update-project.mdx,PATCH,/api/v1/workspace/{workspaceId},deprecated,deprecated,,pinned-deprecated-document
deprecated/secret-imports/create.mdx,POST,/api/v1/secret-imports,deprecated,deprecated,,pinned-deprecated-document
deprecated/secret-imports/delete.mdx,DELETE,/api/v1/secret-imports/{secretImportId},deprecated,deprecated,,pinned-deprecated-document
deprecated/secret-imports/list.mdx,GET,/api/v1/secret-imports,deprecated,deprecated,,pinned-deprecated-document
deprecated/secret-imports/update.mdx,PATCH,/api/v1/secret-imports/{secretImportId},deprecated,deprecated,,pinned-deprecated-document
deprecated/secret-tags/create.mdx,POST,/api/v1/workspace/{projectId}/tags,deprecated,deprecated,,pinned-deprecated-document
deprecated/secret-tags/delete.mdx,DELETE,/api/v1/workspace/{projectId}/tags/{tagId},deprecated,deprecated,,pinned-deprecated-document
deprecated/secret-tags/get-by-id.mdx,GET,/api/v1/workspace/{projectId}/tags/{tagId},deprecated,deprecated,,pinned-deprecated-document
deprecated/secret-tags/get-by-slug.mdx,GET,/api/v1/workspace/{projectId}/tags/slug/{tagSlug},deprecated,deprecated,,pinned-deprecated-document
deprecated/secret-tags/list.mdx,GET,/api/v1/workspace/{projectId}/tags,deprecated,deprecated,,pinned-deprecated-document
deprecated/secret-tags/update.mdx,PATCH,/api/v1/workspace/{projectId}/tags/{tagId},deprecated,deprecated,,pinned-deprecated-document
deprecated/secrets/attach-tags.mdx,POST,/api/v3/secrets/tags/{secretName},deprecated,deprecated,,pinned-deprecated-document
deprecated/secrets/create-many.mdx,POST,/api/v3/secrets/batch/raw,deprecated,deprecated,,pinned-deprecated-document
deprecated/secrets/create.mdx,POST,/api/v3/secrets/raw/{secretName},deprecated,deprecated,,pinned-deprecated-document
deprecated/secrets/delete-many.mdx,DELETE,/api/v3/secrets/batch/raw,deprecated,deprecated,,pinned-deprecated-document
deprecated/secrets/delete.mdx,DELETE,/api/v3/secrets/raw/{secretName},deprecated,deprecated,,pinned-deprecated-document
deprecated/secrets/detach-tags.mdx,DELETE,/api/v3/secrets/tags/{secretName},deprecated,deprecated,,pinned-deprecated-document
deprecated/secrets/list.mdx,GET,/api/v3/secrets/raw,deprecated,deprecated,,pinned-deprecated-document
deprecated/secrets/read.mdx,GET,/api/v3/secrets/raw/{secretName},deprecated,deprecated,,pinned-deprecated-document
deprecated/secrets/update-many.mdx,PATCH,/api/v3/secrets/batch/raw,deprecated,deprecated,,pinned-deprecated-document
deprecated/secrets/update.mdx,PATCH,/api/v3/secrets/raw/{secretName},deprecated,deprecated,,pinned-deprecated-document
dynamic-secrets/create-lease.mdx,POST,/api/v1/dynamic-secrets/leases,implemented,dynamicSecrets,dynamicSecretLeases.create,dynamic-secrets-implemented--implemented-dynamicsecretleases-create
dynamic-secrets/create.mdx,POST,/api/v1/dynamic-secrets,implemented,dynamicSecrets,dynamicSecrets.create,dynamic-secrets-implemented--implemented-dynamicsecrets-create
dynamic-secrets/delete-lease.mdx,DELETE,/api/v1/dynamic-secrets/leases/{leaseId},implemented,dynamicSecrets,dynamicSecretLeases.revoke,dynamic-secrets-implemented--implemented-dynamicsecretleases-revoke
dynamic-secrets/delete.mdx,DELETE,/api/v1/dynamic-secrets/{name},implemented,dynamicSecrets,dynamicSecrets.delete,dynamic-secrets-implemented--implemented-dynamicsecrets-delete
dynamic-secrets/get-lease.mdx,GET,/api/v1/dynamic-secrets/leases/{leaseId},implemented,dynamicSecrets,dynamicSecretLeases.read,dynamic-secrets-implemented--implemented-dynamicsecretleases-read
dynamic-secrets/get.mdx,GET,/api/v1/dynamic-secrets/{name},implemented,dynamicSecrets,dynamicSecrets.read,dynamic-secrets-implemented--implemented-dynamicsecrets-read
dynamic-secrets/kubernetes/create-lease.mdx,POST,/api/v1/dynamic-secrets/leases/kubernetes,intentionally_omitted,dynamicSecretLeases.kubernetes,dynamicSecretLeases.create.providersExceptSqlDatabase,dynamic-secrets-kubernetes-lease-omitted
dynamic-secrets/list-leases.mdx,GET,/api/v1/dynamic-secrets/{name}/leases,implemented,dynamicSecrets,dynamicSecretLeases.read,dynamic-secrets-implemented--implemented-dynamicsecretleases-read
dynamic-secrets/list.mdx,GET,/api/v1/dynamic-secrets,implemented,dynamicSecrets,dynamicSecrets.read,dynamic-secrets-implemented--implemented-dynamicsecrets-read
dynamic-secrets/renew-lease.mdx,POST,/api/v1/dynamic-secrets/leases/{leaseId}/renew,implemented,dynamicSecrets,dynamicSecretLeases.renew,dynamic-secrets-implemented--implemented-dynamicsecretleases-renew
dynamic-secrets/update.mdx,PATCH,/api/v1/dynamic-secrets/{name},implemented,dynamicSecrets,dynamicSecrets.updateSettings,dynamic-secrets-implemented--implemented-dynamicsecrets-updatesettings
environments/create.mdx,POST,/api/v1/projects/{projectId}/environments,implemented,environments,environments.create,environments-implemented--implemented-environments-create
environments/delete.mdx,DELETE,/api/v1/projects/{projectId}/environments/{id},implemented,environments,environments.delete,environments-implemented--implemented-environments-delete
environments/restore.mdx,POST,/api/v1/projects/{projectId}/environments/{id}/restore,implemented,environments,environments.restore,environments-implemented--implemented-environments-restore
environments/update.mdx,PATCH,/api/v1/projects/{projectId}/environments/{id},implemented,environments,environments.update,environments-implemented--implemented-environments-update
events/project-events.mdx,POST,/api/v1/events/subscribe/project-events,intentionally_omitted,events,events.subscriptions,event-subscriptions-omitted
external-migrations/doppler/get-environments.mdx,GET,/api/v3/external-migrations/doppler/environments,intentionally_omitted,externalMigrations,externalMigrations.admin,external-migrations-omitted
external-migrations/doppler/get-projects.mdx,GET,/api/v3/external-migrations/doppler/projects,intentionally_omitted,externalMigrations,externalMigrations.admin,external-migrations-omitted
external-migrations/doppler/import-secrets.mdx,POST,/api/v3/external-migrations/doppler/import-secrets,intentionally_omitted,externalMigrations,externalMigrations.admin,external-migrations-omitted
folders/create.mdx,POST,/api/v2/folders,implemented,folders,folders.create,folders-implemented--implemented-folders-create
folders/delete.mdx,DELETE,/api/v2/folders/{folderIdOrName},implemented,folders,folders.delete,folders-implemented--implemented-folders-delete
folders/get-by-id.mdx,GET,/api/v2/folders/{id},implemented,folders,folders.read,folders-implemented--implemented-folders-read
folders/list.mdx,GET,/api/v2/folders,implemented,folders,folders.read,folders-implemented--implemented-folders-read
folders/update.mdx,PATCH,/api/v2/folders/{folderId},implemented,folders,folders.update,folders-implemented--implemented-folders-update
gcp-auth/attach.mdx,POST,/api/v1/auth/gcp-auth/identities/{identityId},intentionally_omitted,identityGcpAuth,identityGcpAuth.admin,gcp-auth-omitted
gcp-auth/login.mdx,POST,/api/v1/auth/gcp-auth/login,intentionally_omitted,identityGcpAuth,identityGcpAuth.admin,gcp-auth-omitted
gcp-auth/retrieve.mdx,GET,/api/v1/auth/gcp-auth/identities/{identityId},intentionally_omitted,identityGcpAuth,identityGcpAuth.admin,gcp-auth-omitted
gcp-auth/revoke.mdx,DELETE,/api/v1/auth/gcp-auth/identities/{identityId},intentionally_omitted,identityGcpAuth,identityGcpAuth.admin,gcp-auth-omitted
gcp-auth/update.mdx,PATCH,/api/v1/auth/gcp-auth/identities/{identityId},intentionally_omitted,identityGcpAuth,identityGcpAuth.admin,gcp-auth-omitted
groups/add-group-machine-identity.mdx,POST,/api/v1/groups/{id}/machine-identities/{machineIdentityId},edition_gated,groups,groups.admin,groups-add-members-edition-gated
groups/add-group-user.mdx,POST,/api/v1/groups/{id}/users/{username},edition_gated,groups,groups.admin,groups-add-members-edition-gated
groups/create.mdx,POST,/api/v1/groups,edition_gated,groups,groups.admin,groups-create-edition-gated
groups/delete.mdx,DELETE,/api/v1/groups/{id},edition_gated,groups,groups.admin,groups-delete-edition-gated
groups/get-by-id.mdx,GET,/api/v1/groups/{id},implemented,groups,groups.read,groups-read-implemented
groups/get.mdx,GET,/api/v1/groups,implemented,groups,groups.read,groups-read-implemented
groups/list-group-machine-identities.mdx,GET,/api/v1/groups/{id}/machine-identities,superseded,groups,groups.read,group-machine-identity-list-superseded
groups/list-group-members.mdx,GET,/api/v1/groups/{id}/members,implemented,groups,groups.read,groups-read-implemented
groups/list-group-projects.mdx,GET,/api/v1/groups/{id}/projects,implemented,groups,groups.read,groups-read-implemented
groups/list-group-users.mdx,GET,/api/v1/groups/{id}/users,superseded,groups,groups.read,group-user-list-superseded
groups/remove-group-machine-identity.mdx,DELETE,/api/v1/groups/{id}/machine-identities/{machineIdentityId},edition_gated,groups,groups.admin,groups-remove-members-edition-gated
groups/remove-group-user.mdx,DELETE,/api/v1/groups/{id}/users/{username},edition_gated,groups,groups.admin,groups-remove-members-edition-gated
groups/update.mdx,PATCH,/api/v1/groups/{id},edition_gated,groups,groups.admin,groups-update-edition-gated
identities/create.mdx,POST,/api/v1/identities,implemented,identities,identities.create,identities-implemented--implemented-identities-create
identities/delete.mdx,DELETE,/api/v1/identities/{identityId},implemented,identities,identities.delete,identities-implemented--implemented-identities-delete
identities/get-by-id.mdx,GET,/api/v1/identities/{identityId},implemented,identities,identities.read,identities-implemented--implemented-identities-read
identities/list.mdx,GET,/api/v1/identities,implemented,identities,identities.read,identities-implemented--implemented-identities-read
identities/search-count.mdx,POST,/api/v2/identities/search/count,intentionally_omitted,identities.search,identities.search,identity-search-omitted
identities/search.mdx,POST,/api/v2/identities/search,intentionally_omitted,identities.search,identities.search,identity-search-omitted
identities/update.mdx,PATCH,/api/v1/identities/{identityId},implemented,identities,identities.update,identities-implemented--implemented-identities-update
identity-specific-privilege/v1/create-permanent.mdx,POST,/api/v1/additional-privilege/identity/permanent,superseded,identityProjectAdditionalPrivileges,identityProjectAdditionalPrivileges.read,identity-privileges-v1-superseded
identity-specific-privilege/v1/create-temporary.mdx,POST,/api/v1/additional-privilege/identity/temporary,superseded,identityProjectAdditionalPrivileges,identityProjectAdditionalPrivileges.read,identity-privileges-v1-superseded
identity-specific-privilege/v1/delete.mdx,DELETE,/api/v1/additional-privilege/identity,superseded,identityProjectAdditionalPrivileges,identityProjectAdditionalPrivileges.read,identity-privileges-v1-superseded
identity-specific-privilege/v1/find-by-slug.mdx,GET,/api/v1/additional-privilege/identity/{privilegeSlug},superseded,identityProjectAdditionalPrivileges,identityProjectAdditionalPrivileges.read,identity-privileges-v1-superseded
identity-specific-privilege/v1/list.mdx,GET,/api/v1/additional-privilege/identity,superseded,identityProjectAdditionalPrivileges,identityProjectAdditionalPrivileges.read,identity-privileges-v1-superseded
identity-specific-privilege/v1/update.mdx,PATCH,/api/v1/additional-privilege/identity,superseded,identityProjectAdditionalPrivileges,identityProjectAdditionalPrivileges.read,identity-privileges-v1-superseded
identity-specific-privilege/v2/create.mdx,POST,/api/v2/identity-project-additional-privilege,implemented,identityProjectAdditionalPrivileges,identityProjectAdditionalPrivileges.create,identity-privileges-v2-implemented--implemented-identityprojectadditionalprivileges-create
identity-specific-privilege/v2/delete.mdx,DELETE,/api/v2/identity-project-additional-privilege/{id},implemented,identityProjectAdditionalPrivileges,identityProjectAdditionalPrivileges.delete,identity-privileges-v2-implemented--implemented-identityprojectadditionalprivileges-delete
identity-specific-privilege/v2/find-by-id.mdx,GET,/api/v2/identity-project-additional-privilege/{id},implemented,identityProjectAdditionalPrivileges,identityProjectAdditionalPrivileges.read,identity-privileges-v2-implemented--implemented-identityprojectadditionalprivileges-read
identity-specific-privilege/v2/find-by-slug.mdx,GET,/api/v2/identity-project-additional-privilege/slug/{privilegeSlug},implemented,identityProjectAdditionalPrivileges,identityProjectAdditionalPrivileges.read,identity-privileges-v2-implemented--implemented-identityprojectadditionalprivileges-read
identity-specific-privilege/v2/list.mdx,GET,/api/v2/identity-project-additional-privilege,implemented,identityProjectAdditionalPrivileges,identityProjectAdditionalPrivileges.read,identity-privileges-v2-implemented--implemented-identityprojectadditionalprivileges-read
identity-specific-privilege/v2/update.mdx,PATCH,/api/v2/identity-project-additional-privilege/{id},implemented,identityProjectAdditionalPrivileges,identityProjectAdditionalPrivileges.update,identity-privileges-v2-implemented--implemented-identityprojectadditionalprivileges-update
jwt-auth/attach.mdx,POST,/api/v1/auth/jwt-auth/identities/{identityId},intentionally_omitted,identityJwtAuth,identityJwtAuth.admin,jwt-auth-omitted
jwt-auth/login.mdx,POST,/api/v1/auth/jwt-auth/login,intentionally_omitted,identityJwtAuth,identityJwtAuth.admin,jwt-auth-omitted
jwt-auth/retrieve.mdx,GET,/api/v1/auth/jwt-auth/identities/{identityId},intentionally_omitted,identityJwtAuth,identityJwtAuth.admin,jwt-auth-omitted
jwt-auth/revoke.mdx,DELETE,/api/v1/auth/jwt-auth/identities/{identityId},intentionally_omitted,identityJwtAuth,identityJwtAuth.admin,jwt-auth-omitted
jwt-auth/update.mdx,PATCH,/api/v1/auth/jwt-auth/identities/{identityId},intentionally_omitted,identityJwtAuth,identityJwtAuth.admin,jwt-auth-omitted
kms/encryption/decrypt.mdx,POST,/api/v1/kms/keys/{keyId}/decrypt,implemented,kms,kms.decrypt,kms-implemented--implemented-kms-decrypt
kms/encryption/encrypt.mdx,POST,/api/v1/kms/keys/{keyId}/encrypt,implemented,kms,kms.encrypt,kms-implemented--implemented-kms-encrypt
kms/keys/bulk-export-private-keys.mdx,POST,/api/v1/kms/keys/bulk-export-private-keys,implemented,kms,kms.keys.privateMaterial.reveal,kms-implemented--implemented-kms-keys-privatematerial-reveal
kms/keys/create.mdx,POST,/api/v1/kms/keys,implemented,kms,kms.keys.create,kms-implemented--implemented-kms-keys-create
kms/keys/delete.mdx,DELETE,/api/v1/kms/keys/{keyId},implemented,kms,kms.keys.delete,kms-implemented--implemented-kms-keys-delete
kms/keys/get-by-id.mdx,GET,/api/v1/kms/keys/{keyId},implemented,kms,kms.keys.read,kms-implemented--implemented-kms-keys-read
kms/keys/get-by-name.mdx,GET,/api/v1/kms/keys/key-name/{keyName},implemented,kms,kms.keys.read,kms-implemented--implemented-kms-keys-read
kms/keys/list.mdx,GET,/api/v1/kms/keys,implemented,kms,kms.keys.read,kms-implemented--implemented-kms-keys-read
kms/keys/private-key.mdx,GET,/api/v1/kms/keys/{keyId}/private-key,implemented,kms,kms.keys.privateMaterial.reveal,kms-implemented--implemented-kms-keys-privatematerial-reveal
kms/keys/public-key.mdx,GET,/api/v1/kms/keys/{keyId}/public-key,implemented,kms,kms.keys.read,kms-implemented--implemented-kms-keys-read
kms/keys/update.mdx,PATCH,/api/v1/kms/keys/{keyId},implemented,kms,kms.keys.update,kms-implemented--implemented-kms-keys-update
kms/signing/sign.mdx,POST,/api/v1/kms/keys/{keyId}/sign,implemented,kms,kms.sign,kms-implemented--implemented-kms-sign
kms/signing/signing-algorithms.mdx,GET,/api/v1/kms/keys/{keyId}/signing-algorithms,implemented,kms,kms.keys.read,kms-implemented--implemented-kms-keys-read
kms/signing/verify.mdx,POST,/api/v1/kms/keys/{keyId}/verify,implemented,kms,kms.verify,kms-implemented--implemented-kms-verify
kubernetes-auth/attach.mdx,POST,/api/v1/auth/kubernetes-auth/identities/{identityId},implemented,identityKubernetesAuth,identityKubernetesAuth.attach,kubernetes-auth-implemented--implemented-identitykubernetesauth-attach
kubernetes-auth/login.mdx,POST,/api/v1/auth/kubernetes-auth/login,intentionally_omitted,identityKubernetesAuth.login,identityAuth.tokenMinting,kubernetes-login-omitted
kubernetes-auth/retrieve.mdx,GET,/api/v1/auth/kubernetes-auth/identities/{identityId},implemented,identityKubernetesAuth,identityKubernetesAuth.read,kubernetes-auth-implemented--implemented-identitykubernetesauth-read
kubernetes-auth/revoke.mdx,DELETE,/api/v1/auth/kubernetes-auth/identities/{identityId},implemented,identityKubernetesAuth,identityKubernetesAuth.remove,kubernetes-auth-implemented--implemented-identitykubernetesauth-remove
kubernetes-auth/update.mdx,PATCH,/api/v1/auth/kubernetes-auth/identities/{identityId},implemented,identityKubernetesAuth,identityKubernetesAuth.update,kubernetes-auth-implemented--implemented-identitykubernetesauth-update
ldap-auth/attach.mdx,POST,/api/v1/auth/ldap-auth/identities/{identityId},intentionally_omitted,identityLdapAuth,identityLdapAuth.admin,ldap-auth-omitted
ldap-auth/login.mdx,POST,/api/v1/auth/ldap-auth/login,intentionally_omitted,identityLdapAuth,identityLdapAuth.admin,ldap-auth-omitted
ldap-auth/retrieve.mdx,GET,/api/v1/auth/ldap-auth/identities/{identityId},intentionally_omitted,identityLdapAuth,identityLdapAuth.admin,ldap-auth-omitted
ldap-auth/revoke.mdx,DELETE,/api/v1/auth/ldap-auth/identities/{identityId},intentionally_omitted,identityLdapAuth,identityLdapAuth.admin,ldap-auth-omitted
ldap-auth/update.mdx,PATCH,/api/v1/auth/ldap-auth/identities/{identityId},intentionally_omitted,identityLdapAuth,identityLdapAuth.admin,ldap-auth-omitted
oci-auth/attach.mdx,POST,/api/v1/auth/oci-auth/identities/{identityId},intentionally_omitted,identityOciAuth,identityOciAuth.admin,oci-auth-omitted
oci-auth/login.mdx,POST,/api/v1/auth/oci-auth/login,intentionally_omitted,identityOciAuth,identityOciAuth.admin,oci-auth-omitted
oci-auth/retrieve.mdx,GET,/api/v1/auth/oci-auth/identities/{identityId},intentionally_omitted,identityOciAuth,identityOciAuth.admin,oci-auth-omitted
oci-auth/revoke.mdx,DELETE,/api/v1/auth/oci-auth/identities/{identityId},intentionally_omitted,identityOciAuth,identityOciAuth.admin,oci-auth-omitted
oci-auth/update.mdx,PATCH,/api/v1/auth/oci-auth/identities/{identityId},intentionally_omitted,identityOciAuth,identityOciAuth.admin,oci-auth-omitted
oidc-auth/attach.mdx,POST,/api/v1/auth/oidc-auth/identities/{identityId},intentionally_omitted,identityOidcAuth,identityOidcAuth.admin,oidc-auth-omitted
oidc-auth/login.mdx,POST,/api/v1/auth/oidc-auth/login,intentionally_omitted,identityOidcAuth,identityOidcAuth.admin,oidc-auth-omitted
oidc-auth/retrieve.mdx,GET,/api/v1/auth/oidc-auth/identities/{identityId},intentionally_omitted,identityOidcAuth,identityOidcAuth.admin,oidc-auth-omitted
oidc-auth/revoke.mdx,DELETE,/api/v1/auth/oidc-auth/identities/{identityId},intentionally_omitted,identityOidcAuth,identityOidcAuth.admin,oidc-auth-omitted
oidc-auth/update.mdx,PATCH,/api/v1/auth/oidc-auth/identities/{identityId},intentionally_omitted,identityOidcAuth,identityOidcAuth.admin,oidc-auth-omitted
organization-available-groups/list.mdx,GET,/api/v1/organization/available-groups,intentionally_omitted,organizations.groups,organizations.read,organization-available-groups-omitted
organization-group-memberships/create.mdx,POST,/api/v1/organizations/memberships/groups/{groupId},edition_gated,organizationGroupMemberships,organizationGroupMemberships.admin,organization-group-memberships-edition-gated
organization-group-memberships/delete.mdx,DELETE,/api/v1/organizations/memberships/groups/{groupId},edition_gated,organizationGroupMemberships,organizationGroupMemberships.admin,organization-group-memberships-edition-gated
organization-group-memberships/get-by-id.mdx,GET,/api/v1/organizations/memberships/groups/{groupId},edition_gated,organizationGroupMemberships,organizationGroupMemberships.admin,organization-group-memberships-edition-gated
organization-group-memberships/list.mdx,GET,/api/v1/organizations/memberships/groups,edition_gated,organizationGroupMemberships,organizationGroupMemberships.admin,organization-group-memberships-edition-gated
organization-group-memberships/update.mdx,PATCH,/api/v1/organizations/memberships/groups/{groupId},edition_gated,organizationGroupMemberships,organizationGroupMemberships.admin,organization-group-memberships-edition-gated
organization-roles/create.mdx,POST,/api/v1/organization/roles,edition_gated,organizationRoles,organizationRoles.admin,organization-roles-create-edition-gated
organization-roles/delete.mdx,DELETE,/api/v1/organization/roles/{roleId},edition_gated,organizationRoles,organizationRoles.admin,organization-roles-delete-edition-gated
organization-roles/get-by-slug.mdx,GET,/api/v1/organization/roles/slug/{roleSlug},implemented,organizationRoles,organizationRoles.read,organization-roles-read-implemented
organization-roles/get.mdx,GET,/api/v1/organization/roles/{roleId},superseded,organizationRoles,organizationRoles.read,organization-role-id-read-superseded
organization-roles/list.mdx,GET,/api/v1/organization/roles,implemented,organizationRoles,organizationRoles.read,organization-roles-read-implemented
organization-roles/update.mdx,PATCH,/api/v1/organization/roles/{roleId},edition_gated,organizationRoles,organizationRoles.admin,organization-roles-update-edition-gated
organizations/bulk-delete-memberships.mdx,DELETE,/api/v2/organizations/{organizationId}/memberships,intentionally_omitted,organizations,organizations.admin,organizations-omitted
organizations/delete-membership.mdx,DELETE,/api/v2/organizations/{organizationId}/memberships/{membershipId},intentionally_omitted,organizations,organizations.admin,organizations-omitted
organizations/ldap-sso/create-ldap-config.mdx,POST,/api/v1/ldap/config,intentionally_omitted,organizations.sso,organizationSso.admin,organization-ldap-sso-omitted
organizations/ldap-sso/get-ldap-config.mdx,GET,/api/v1/ldap/config,intentionally_omitted,organizations.sso,organizationSso.admin,organization-ldap-sso-omitted
organizations/ldap-sso/update-ldap-config.mdx,PATCH,/api/v1/ldap/config,intentionally_omitted,organizations.sso,organizationSso.admin,organization-ldap-sso-omitted
organizations/list-identity-memberships.mdx,GET,/api/v2/organizations/{orgId}/identity-memberships,intentionally_omitted,organizations,organizations.admin,organizations-omitted
organizations/memberships.mdx,GET,/api/v2/organizations/{organizationId}/memberships,intentionally_omitted,organizations,organizations.admin,organizations-omitted
organizations/oidc-sso/create-oidc-config.mdx,POST,/api/v1/sso/oidc/config,intentionally_omitted,organizations.sso,organizationSso.admin,organization-oidc-sso-omitted
organizations/oidc-sso/get-oidc-config.mdx,GET,/api/v1/sso/oidc/config,intentionally_omitted,organizations.sso,organizationSso.admin,organization-oidc-sso-omitted
organizations/oidc-sso/update-oidc-config.mdx,PATCH,/api/v1/sso/oidc/config,intentionally_omitted,organizations.sso,organizationSso.admin,organization-oidc-sso-omitted
organizations/saml-sso/create-saml-config.mdx,POST,/api/v1/sso/config,intentionally_omitted,organizations.sso,organizationSso.admin,organization-saml-sso-omitted
organizations/saml-sso/get-saml-config.mdx,GET,/api/v1/sso/config,intentionally_omitted,organizations.sso,organizationSso.admin,organization-saml-sso-omitted
organizations/saml-sso/update-saml-config.mdx,PATCH,/api/v1/sso/config,intentionally_omitted,organizations.sso,organizationSso.admin,organization-saml-sso-omitted
organizations/scim/group-org-role-mappings/list.mdx,GET,/api/v1/scim/group-org-role-mappings,intentionally_omitted,organizations.scim,organizationScim.admin,organization-scim-omitted
organizations/scim/group-org-role-mappings/update.mdx,PUT,/api/v1/scim/group-org-role-mappings,intentionally_omitted,organizations.scim,organizationScim.admin,organization-scim-omitted
organizations/update-membership.mdx,PATCH,/api/v2/organizations/{organizationId}/memberships/{membershipId},intentionally_omitted,organizations,organizations.admin,organizations-omitted
pki-alerts/create.mdx,POST,/api/v1/cert-manager/alerts,deferred,pkiAlerts,pkiAlerts.admin,pki-alerts-deferred
pki-alerts/delete.mdx,DELETE,/api/v1/cert-manager/alerts/{alertId},deferred,pkiAlerts,pkiAlerts.admin,pki-alerts-deferred
pki-alerts/read.mdx,GET,/api/v1/cert-manager/alerts/{alertId},deferred,pkiAlerts,pkiAlerts.admin,pki-alerts-deferred
pki-alerts/update.mdx,PATCH,/api/v1/cert-manager/alerts/{alertId},deferred,pkiAlerts,pkiAlerts.admin,pki-alerts-deferred
pki-collections/add-item.mdx,POST,/api/v1/pki/collections/{collectionId}/items,intentionally_omitted,pkiCollections,pkiCollections.admin,pki-collections-omitted
pki-collections/create.mdx,POST,/api/v1/pki/collections,intentionally_omitted,pkiCollections,pkiCollections.admin,pki-collections-omitted
pki-collections/delete-item.mdx,DELETE,/api/v1/pki/collections/{collectionId}/items/{collectionItemId},intentionally_omitted,pkiCollections,pkiCollections.admin,pki-collections-omitted
pki-collections/delete.mdx,DELETE,/api/v1/pki/collections/{collectionId},intentionally_omitted,pkiCollections,pkiCollections.admin,pki-collections-omitted
pki-collections/list-items.mdx,GET,/api/v1/pki/collections/{collectionId}/items,intentionally_omitted,pkiCollections,pkiCollections.admin,pki-collections-omitted
pki-collections/read.mdx,GET,/api/v1/pki/collections/{collectionId},intentionally_omitted,pkiCollections,pkiCollections.admin,pki-collections-omitted
pki-collections/update.mdx,PATCH,/api/v1/pki/collections/{collectionId},intentionally_omitted,pkiCollections,pkiCollections.admin,pki-collections-omitted
pki-discovery/create.mdx,POST,/api/v1/cert-manager/discovery-jobs,deferred,pkiDiscovery,pkiDiscovery.admin,pki-discovery-deferred
pki-discovery/delete.mdx,DELETE,/api/v1/cert-manager/discovery-jobs/{discoveryId},deferred,pkiDiscovery,pkiDiscovery.admin,pki-discovery-deferred
pki-discovery/latest-scan.mdx,GET,/api/v1/cert-manager/discovery-jobs/{discoveryId}/latest-scan,deferred,pkiDiscovery,pkiDiscovery.admin,pki-discovery-deferred
pki-discovery/list.mdx,GET,/api/v1/cert-manager/discovery-jobs,deferred,pkiDiscovery,pkiDiscovery.admin,pki-discovery-deferred
pki-discovery/read.mdx,GET,/api/v1/cert-manager/discovery-jobs/{discoveryId},deferred,pkiDiscovery,pkiDiscovery.admin,pki-discovery-deferred
pki-discovery/scan-history.mdx,GET,/api/v1/cert-manager/discovery-jobs/{discoveryId}/scans,deferred,pkiDiscovery,pkiDiscovery.admin,pki-discovery-deferred
pki-discovery/trigger-scan.mdx,POST,/api/v1/cert-manager/discovery-jobs/{discoveryId}/scan,deferred,pkiDiscovery,pkiDiscovery.admin,pki-discovery-deferred
pki-discovery/update.mdx,PATCH,/api/v1/cert-manager/discovery-jobs/{discoveryId},deferred,pkiDiscovery,pkiDiscovery.admin,pki-discovery-deferred
pki-installations/delete.mdx,DELETE,/api/v1/cert-manager/installations/{installationId},deferred,pkiInstallations,pkiInstallations.admin,pki-installations-deferred
pki-installations/list.mdx,GET,/api/v1/cert-manager/installations,deferred,pkiInstallations,pkiInstallations.admin,pki-installations-deferred
pki-installations/read.mdx,GET,/api/v1/cert-manager/installations/{installationId},deferred,pkiInstallations,pkiInstallations.admin,pki-installations-deferred
pki-installations/update.mdx,PATCH,/api/v1/cert-manager/installations/{installationId},deferred,pkiInstallations,pkiInstallations.admin,pki-installations-deferred
pki/syncs/add-certificates.mdx,POST,/api/v1/cert-manager/syncs/{pkiSyncId}/certificates,deferred,certificateSyncs,certificateSyncs.admin,pki-syncs-deferred
pki/syncs/aws-certificate-manager/create.mdx,POST,/api/v1/cert-manager/syncs/aws-certificate-manager,deferred,certificateSyncs,certificateSyncs.admin,pki-syncs-deferred
pki/syncs/aws-certificate-manager/delete.mdx,DELETE,/api/v1/cert-manager/syncs/aws-certificate-manager/{pkiSyncId},deferred,certificateSyncs,certificateSyncs.admin,pki-syncs-deferred
pki/syncs/aws-certificate-manager/get-by-id.mdx,GET,/api/v1/cert-manager/syncs/aws-certificate-manager/{pkiSyncId},deferred,certificateSyncs,certificateSyncs.admin,pki-syncs-deferred
pki/syncs/aws-certificate-manager/list.mdx,GET,/api/v1/cert-manager/syncs/aws-certificate-manager,deferred,certificateSyncs,certificateSyncs.admin,pki-syncs-deferred
pki/syncs/aws-certificate-manager/remove-certificates.mdx,POST,/api/v1/cert-manager/syncs/aws-certificate-manager/{pkiSyncId}/remove-certificates,deferred,certificateSyncs,certificateSyncs.admin,pki-syncs-deferred
pki/syncs/aws-certificate-manager/sync-certificates.mdx,POST,/api/v1/cert-manager/syncs/aws-certificate-manager/{pkiSyncId}/sync,deferred,certificateSyncs,certificateSyncs.admin,pki-syncs-deferred
pki/syncs/aws-certificate-manager/update.mdx,PATCH,/api/v1/cert-manager/syncs/aws-certificate-manager/{pkiSyncId},deferred,certificateSyncs,certificateSyncs.admin,pki-syncs-deferred
pki/syncs/aws-elastic-load-balancer/create.mdx,POST,/api/v1/cert-manager/syncs/aws-elastic-load-balancer,deferred,certificateSyncs,certificateSyncs.admin,pki-syncs-deferred
pki/syncs/aws-elastic-load-balancer/delete.mdx,DELETE,/api/v1/cert-manager/syncs/aws-elastic-load-balancer/{pkiSyncId},deferred,certificateSyncs,certificateSyncs.admin,pki-syncs-deferred
pki/syncs/aws-elastic-load-balancer/get-by-id.mdx,GET,/api/v1/cert-manager/syncs/aws-elastic-load-balancer/{pkiSyncId},deferred,certificateSyncs,certificateSyncs.admin,pki-syncs-deferred
pki/syncs/aws-elastic-load-balancer/list.mdx,GET,/api/v1/cert-manager/syncs/aws-elastic-load-balancer,deferred,certificateSyncs,certificateSyncs.admin,pki-syncs-deferred
pki/syncs/aws-elastic-load-balancer/remove-certificates.mdx,POST,/api/v1/cert-manager/syncs/aws-elastic-load-balancer/{pkiSyncId}/remove-certificates,deferred,certificateSyncs,certificateSyncs.admin,pki-syncs-deferred
pki/syncs/aws-elastic-load-balancer/sync-certificates.mdx,POST,/api/v1/cert-manager/syncs/aws-elastic-load-balancer/{pkiSyncId}/sync,deferred,certificateSyncs,certificateSyncs.admin,pki-syncs-deferred
pki/syncs/aws-elastic-load-balancer/update.mdx,PATCH,/api/v1/cert-manager/syncs/aws-elastic-load-balancer/{pkiSyncId},deferred,certificateSyncs,certificateSyncs.admin,pki-syncs-deferred
pki/syncs/aws-secrets-manager/create.mdx,POST,/api/v1/cert-manager/syncs/aws-secrets-manager,deferred,certificateSyncs,certificateSyncs.admin,pki-syncs-deferred
pki/syncs/aws-secrets-manager/delete.mdx,DELETE,/api/v1/cert-manager/syncs/aws-secrets-manager/{pkiSyncId},deferred,certificateSyncs,certificateSyncs.admin,pki-syncs-deferred
pki/syncs/aws-secrets-manager/get-by-id.mdx,GET,/api/v1/cert-manager/syncs/aws-secrets-manager/{pkiSyncId},deferred,certificateSyncs,certificateSyncs.admin,pki-syncs-deferred
pki/syncs/aws-secrets-manager/list.mdx,GET,/api/v1/cert-manager/syncs/aws-secrets-manager,deferred,certificateSyncs,certificateSyncs.admin,pki-syncs-deferred
pki/syncs/aws-secrets-manager/remove-certificates.mdx,POST,/api/v1/cert-manager/syncs/aws-secrets-manager/{pkiSyncId}/remove-certificates,deferred,certificateSyncs,certificateSyncs.admin,pki-syncs-deferred
pki/syncs/aws-secrets-manager/sync-certificates.mdx,POST,/api/v1/cert-manager/syncs/aws-secrets-manager/{pkiSyncId}/sync,deferred,certificateSyncs,certificateSyncs.admin,pki-syncs-deferred
pki/syncs/aws-secrets-manager/update.mdx,PATCH,/api/v1/cert-manager/syncs/aws-secrets-manager/{pkiSyncId},deferred,certificateSyncs,certificateSyncs.admin,pki-syncs-deferred
pki/syncs/azure-key-vault/create.mdx,POST,/api/v1/cert-manager/syncs/azure-key-vault,deferred,certificateSyncs,certificateSyncs.admin,pki-syncs-deferred
pki/syncs/azure-key-vault/delete.mdx,DELETE,/api/v1/cert-manager/syncs/azure-key-vault/{pkiSyncId},deferred,certificateSyncs,certificateSyncs.admin,pki-syncs-deferred
pki/syncs/azure-key-vault/get-by-id.mdx,GET,/api/v1/cert-manager/syncs/azure-key-vault/{pkiSyncId},deferred,certificateSyncs,certificateSyncs.admin,pki-syncs-deferred
pki/syncs/azure-key-vault/list.mdx,GET,/api/v1/cert-manager/syncs/azure-key-vault,deferred,certificateSyncs,certificateSyncs.admin,pki-syncs-deferred
pki/syncs/azure-key-vault/remove-certificates.mdx,POST,/api/v1/cert-manager/syncs/azure-key-vault/{pkiSyncId}/remove-certificates,deferred,certificateSyncs,certificateSyncs.admin,pki-syncs-deferred
pki/syncs/azure-key-vault/sync-certificates.mdx,POST,/api/v1/cert-manager/syncs/azure-key-vault/{pkiSyncId}/sync,deferred,certificateSyncs,certificateSyncs.admin,pki-syncs-deferred
pki/syncs/azure-key-vault/update.mdx,PATCH,/api/v1/cert-manager/syncs/azure-key-vault/{pkiSyncId},deferred,certificateSyncs,certificateSyncs.admin,pki-syncs-deferred
pki/syncs/chef/create.mdx,POST,/api/v1/cert-manager/syncs/chef,deferred,certificateSyncs,certificateSyncs.admin,pki-syncs-deferred
pki/syncs/chef/delete.mdx,DELETE,/api/v1/cert-manager/syncs/chef/{pkiSyncId},deferred,certificateSyncs,certificateSyncs.admin,pki-syncs-deferred
pki/syncs/chef/get-by-id.mdx,GET,/api/v1/cert-manager/syncs/chef/{pkiSyncId},deferred,certificateSyncs,certificateSyncs.admin,pki-syncs-deferred
pki/syncs/chef/list.mdx,GET,/api/v1/cert-manager/syncs/chef,deferred,certificateSyncs,certificateSyncs.admin,pki-syncs-deferred
pki/syncs/chef/remove-certificates.mdx,POST,/api/v1/cert-manager/syncs/chef/{pkiSyncId}/remove-certificates,deferred,certificateSyncs,certificateSyncs.admin,pki-syncs-deferred
pki/syncs/chef/sync-certificates.mdx,POST,/api/v1/cert-manager/syncs/chef/{pkiSyncId}/sync,deferred,certificateSyncs,certificateSyncs.admin,pki-syncs-deferred
pki/syncs/chef/update.mdx,PATCH,/api/v1/cert-manager/syncs/chef/{pkiSyncId},deferred,certificateSyncs,certificateSyncs.admin,pki-syncs-deferred
pki/syncs/cloudflare-custom-certificate/create.mdx,POST,/api/v1/cert-manager/syncs/cloudflare-custom-certificate,deferred,certificateSyncs,certificateSyncs.admin,pki-syncs-deferred
pki/syncs/cloudflare-custom-certificate/delete.mdx,DELETE,/api/v1/cert-manager/syncs/cloudflare-custom-certificate/{pkiSyncId},deferred,certificateSyncs,certificateSyncs.admin,pki-syncs-deferred
pki/syncs/cloudflare-custom-certificate/get-by-id.mdx,GET,/api/v1/cert-manager/syncs/cloudflare-custom-certificate/{pkiSyncId},deferred,certificateSyncs,certificateSyncs.admin,pki-syncs-deferred
pki/syncs/cloudflare-custom-certificate/list.mdx,GET,/api/v1/cert-manager/syncs/cloudflare-custom-certificate,deferred,certificateSyncs,certificateSyncs.admin,pki-syncs-deferred
pki/syncs/cloudflare-custom-certificate/remove-certificates.mdx,POST,/api/v1/cert-manager/syncs/cloudflare-custom-certificate/{pkiSyncId}/remove-certificates,deferred,certificateSyncs,certificateSyncs.admin,pki-syncs-deferred
pki/syncs/cloudflare-custom-certificate/sync-certificates.mdx,POST,/api/v1/cert-manager/syncs/cloudflare-custom-certificate/{pkiSyncId}/sync,deferred,certificateSyncs,certificateSyncs.admin,pki-syncs-deferred
pki/syncs/cloudflare-custom-certificate/update.mdx,PATCH,/api/v1/cert-manager/syncs/cloudflare-custom-certificate/{pkiSyncId},deferred,certificateSyncs,certificateSyncs.admin,pki-syncs-deferred
pki/syncs/f5-big-ip/create.mdx,POST,/api/v1/cert-manager/syncs/f5-big-ip,deferred,certificateSyncs,certificateSyncs.admin,pki-syncs-deferred
pki/syncs/f5-big-ip/delete.mdx,DELETE,/api/v1/cert-manager/syncs/f5-big-ip/{pkiSyncId},deferred,certificateSyncs,certificateSyncs.admin,pki-syncs-deferred
pki/syncs/f5-big-ip/get-by-id.mdx,GET,/api/v1/cert-manager/syncs/f5-big-ip/{pkiSyncId},deferred,certificateSyncs,certificateSyncs.admin,pki-syncs-deferred
pki/syncs/f5-big-ip/list.mdx,GET,/api/v1/cert-manager/syncs/f5-big-ip,deferred,certificateSyncs,certificateSyncs.admin,pki-syncs-deferred
pki/syncs/f5-big-ip/remove-certificates.mdx,POST,/api/v1/cert-manager/syncs/f5-big-ip/{pkiSyncId}/remove-certificates,deferred,certificateSyncs,certificateSyncs.admin,pki-syncs-deferred
pki/syncs/f5-big-ip/sync-certificates.mdx,POST,/api/v1/cert-manager/syncs/f5-big-ip/{pkiSyncId}/sync,deferred,certificateSyncs,certificateSyncs.admin,pki-syncs-deferred
pki/syncs/f5-big-ip/update.mdx,PATCH,/api/v1/cert-manager/syncs/f5-big-ip/{pkiSyncId},deferred,certificateSyncs,certificateSyncs.admin,pki-syncs-deferred
pki/syncs/get-by-id.mdx,GET,/api/v1/cert-manager/syncs/{pkiSyncId},deferred,certificateSyncs,certificateSyncs.admin,pki-syncs-deferred
pki/syncs/list-certificates.mdx,GET,/api/v1/cert-manager/syncs/{pkiSyncId}/certificates,deferred,certificateSyncs,certificateSyncs.admin,pki-syncs-deferred
pki/syncs/list.mdx,GET,/api/v1/cert-manager/syncs,deferred,certificateSyncs,certificateSyncs.admin,pki-syncs-deferred
pki/syncs/netscaler/create.mdx,POST,/api/v1/cert-manager/syncs/netscaler,deferred,certificateSyncs,certificateSyncs.admin,pki-syncs-deferred
pki/syncs/netscaler/delete.mdx,DELETE,/api/v1/cert-manager/syncs/netscaler/{pkiSyncId},deferred,certificateSyncs,certificateSyncs.admin,pki-syncs-deferred
pki/syncs/netscaler/get-by-id.mdx,GET,/api/v1/cert-manager/syncs/netscaler/{pkiSyncId},deferred,certificateSyncs,certificateSyncs.admin,pki-syncs-deferred
pki/syncs/netscaler/list.mdx,GET,/api/v1/cert-manager/syncs/netscaler,deferred,certificateSyncs,certificateSyncs.admin,pki-syncs-deferred
pki/syncs/netscaler/remove-certificates.mdx,POST,/api/v1/cert-manager/syncs/netscaler/{pkiSyncId}/remove-certificates,deferred,certificateSyncs,certificateSyncs.admin,pki-syncs-deferred
pki/syncs/netscaler/sync-certificates.mdx,POST,/api/v1/cert-manager/syncs/netscaler/{pkiSyncId}/sync,deferred,certificateSyncs,certificateSyncs.admin,pki-syncs-deferred
pki/syncs/netscaler/update.mdx,PATCH,/api/v1/cert-manager/syncs/netscaler/{pkiSyncId},deferred,certificateSyncs,certificateSyncs.admin,pki-syncs-deferred
pki/syncs/options.mdx,GET,/api/v1/cert-manager/syncs/options,deferred,certificateSyncs,certificateSyncs.admin,pki-syncs-deferred
pki/syncs/remove-certificates.mdx,DELETE,/api/v1/cert-manager/syncs/{pkiSyncId}/certificates,deferred,certificateSyncs,certificateSyncs.admin,pki-syncs-deferred
project-group-memberships/create.mdx,POST,/api/v1/projects/{projectId}/memberships/groups/{groupId},edition_gated,projectGroupMemberships,projectGroupMemberships.admin,project-group-memberships-create-edition-gated
project-group-memberships/delete.mdx,DELETE,/api/v1/projects/{projectId}/memberships/groups/{groupId},edition_gated,projectGroupMemberships,projectGroupMemberships.admin,project-group-memberships-delete-edition-gated
project-group-memberships/get-by-id.mdx,GET,/api/v1/projects/{projectId}/memberships/groups/{groupId},implemented,projectGroupMemberships,projectGroupMemberships.read,project-group-memberships-read-implemented
project-group-memberships/list.mdx,GET,/api/v1/projects/{projectId}/memberships/groups,implemented,projectGroupMemberships,projectGroupMemberships.read,project-group-memberships-read-implemented
project-group-memberships/update.mdx,PATCH,/api/v1/projects/{projectId}/memberships/groups/{groupId},edition_gated,projectGroupMemberships,projectGroupMemberships.admin,project-group-memberships-update-edition-gated
project-identities-membership/add-identity-membership.mdx,POST,/api/v1/projects/{projectId}/memberships/identities/{identityId},implemented,projectIdentityMemberships,projectIdentityMemberships.create,project-identity-memberships-implemented--implemented-projectidentitymemberships-create
project-identities-membership/delete-identity-membership.mdx,DELETE,/api/v1/projects/{projectId}/memberships/identities/{identityId},implemented,projectIdentityMemberships,projectIdentityMemberships.delete,project-identity-memberships-implemented--implemented-projectidentitymemberships-delete
project-identities-membership/get-by-id.mdx,GET,/api/v1/projects/{projectId}/memberships/identities/{identityId},implemented,projectIdentityMemberships,projectIdentityMemberships.read,project-identity-memberships-implemented--implemented-projectidentitymemberships-read
project-identities-membership/list-identity-memberships.mdx,GET,/api/v1/projects/{projectId}/memberships/identities,implemented,projectIdentityMemberships,projectIdentityMemberships.read,project-identity-memberships-implemented--implemented-projectidentitymemberships-read
project-identities-membership/update-identity-membership.mdx,PATCH,/api/v1/projects/{projectId}/memberships/identities/{identityId},implemented,projectIdentityMemberships,projectIdentityMemberships.update,project-identity-memberships-implemented--implemented-projectidentitymemberships-update
project-identities/add-identity.mdx,POST,/api/v1/projects/{projectId}/identities,superseded,projectIdentityMemberships,projectIdentityMemberships.read,project-identities-superseded
project-identities/delete-identity.mdx,DELETE,/api/v1/projects/{projectId}/identities/{identityId},superseded,projectIdentityMemberships,projectIdentityMemberships.read,project-identities-superseded
project-identities/get-by-id.mdx,GET,/api/v1/projects/{projectId}/identities/{identityId},superseded,projectIdentityMemberships,projectIdentityMemberships.read,project-identities-superseded
project-identities/list-identity.mdx,GET,/api/v1/projects/{projectId}/identities,superseded,projectIdentityMemberships,projectIdentityMemberships.read,project-identities-superseded
project-identities/update-identity.mdx,PATCH,/api/v1/projects/{projectId}/identities/{identityId},superseded,projectIdentityMemberships,projectIdentityMemberships.read,project-identities-superseded
project-roles/create.mdx,POST,/api/v1/projects/{projectId}/roles,edition_gated,projectRoles,projectRoles.admin,project-roles-create-edition-gated
project-roles/delete.mdx,DELETE,/api/v1/projects/{projectId}/roles/{roleId},edition_gated,projectRoles,projectRoles.admin,project-roles-delete-edition-gated
project-roles/get-by-slug.mdx,GET,/api/v1/projects/{projectId}/roles/slug/{roleSlug},implemented,projectRoles,projectRoles.read,project-roles-read-implemented
project-roles/list.mdx,GET,/api/v1/projects/{projectId}/roles,implemented,projectRoles,projectRoles.read,project-roles-read-implemented
project-roles/update.mdx,PATCH,/api/v1/projects/{projectId}/roles/{roleId},edition_gated,projectRoles,projectRoles.admin,project-roles-update-edition-gated
project-templates/create.mdx,POST,/api/v1/project-templates,intentionally_omitted,projectTemplates,projectTemplates.admin,project-templates-omitted
project-templates/delete.mdx,DELETE,/api/v1/project-templates/{templateId},intentionally_omitted,projectTemplates,projectTemplates.admin,project-templates-omitted
project-templates/get-by-id.mdx,GET,/api/v1/project-templates/{templateId},intentionally_omitted,projectTemplates,projectTemplates.admin,project-templates-omitted
project-templates/list.mdx,GET,/api/v1/project-templates,intentionally_omitted,projectTemplates,projectTemplates.admin,project-templates-omitted
project-templates/update.mdx,PATCH,/api/v1/project-templates/{templateId},intentionally_omitted,projectTemplates,projectTemplates.admin,project-templates-omitted
project-users/delete-membership.mdx,DELETE,/api/v1/projects/{projectId}/memberships/{membershipId},implemented,projectUserMemberships,projectUserMemberships.delete,project-users-implemented--implemented-projectusermemberships-delete
project-users/get-by-username.mdx,POST,/api/v1/projects/{projectId}/memberships/details,superseded,projectUserMemberships,projectUserMemberships.read,project-user-username-read-superseded
project-users/invite-member-to-project.mdx,POST,/api/v1/projects/{projectId}/memberships,implemented,projectUserMemberships,projectUserMemberships.invite,project-users-implemented--implemented-projectusermemberships-invite
project-users/memberships.mdx,GET,/api/v1/projects/{projectId}/memberships,implemented,projectUserMemberships,projectUserMemberships.read,project-users-implemented--implemented-projectusermemberships-read
project-users/remove-member-from-project.mdx,DELETE,/api/v1/projects/{projectId}/memberships,superseded,projectUserMemberships,projectUserMemberships.delete,project-user-collection-delete-superseded
project-users/update-membership.mdx,PATCH,/api/v1/projects/{projectId}/memberships/{membershipId},implemented,projectUserMemberships,projectUserMemberships.update,project-users-implemented--implemented-projectusermemberships-update
projects/create-project.mdx,POST,/api/v1/projects,implemented,projects,projects.create,projects-implemented--implemented-projects-create
projects/delete-project.mdx,DELETE,/api/v1/projects/{projectId},implemented,projects,projects.delete,projects-implemented--implemented-projects-delete
projects/get-project-by-slug.mdx,GET,/api/v1/projects/slug/{slug},superseded,projects,projects.read,project-slug-read-superseded
projects/get-project.mdx,GET,/api/v1/projects/{projectId},implemented,projects,projects.read,projects-implemented--implemented-projects-read
projects/list-projects.mdx,GET,/api/v1/projects,implemented,projects,projects.read,projects-implemented--implemented-projects-read
projects/rollback-snapshot.mdx,POST,/api/v1/secret-snapshot/{secretSnapshotId}/rollback,intentionally_omitted,secrets.rollback,secrets.rollback,project-snapshot-rollback-omitted
projects/secret-snapshots.mdx,GET,/api/v1/projects/{projectId}/secret-snapshots,intentionally_omitted,secretVersions,secretVersions.read,project-secret-snapshots-omitted
projects/update-project.mdx,PATCH,/api/v1/projects/{projectId},implemented,projects,projects.update,projects-implemented--implemented-projects-update
secret-imports/create.mdx,POST,/api/v2/secret-imports,implemented,secretImports,secretImports.create,secret-imports-implemented--implemented-secretimports-create
secret-imports/delete.mdx,DELETE,/api/v2/secret-imports/{secretImportId},implemented,secretImports,secretImports.delete,secret-imports-implemented--implemented-secretimports-delete
secret-imports/list.mdx,GET,/api/v2/secret-imports,implemented,secretImports,secretImports.list,secret-imports-implemented--implemented-secretimports-list
secret-imports/update.mdx,PATCH,/api/v2/secret-imports/{secretImportId},implemented,secretImports,secretImports.update,secret-imports-implemented--implemented-secretimports-update
secret-rotations/auth0-client-secret/create.mdx,POST,/api/v2/secret-rotations/auth0-client-secret,intentionally_omitted,secretRotations,secretRotations.otherProviders.lifecycle,secret-rotations-other-providers-omitted
secret-rotations/auth0-client-secret/delete.mdx,DELETE,/api/v2/secret-rotations/auth0-client-secret/{rotationId},intentionally_omitted,secretRotations,secretRotations.otherProviders.lifecycle,secret-rotations-other-providers-omitted
secret-rotations/auth0-client-secret/get-by-id.mdx,GET,/api/v2/secret-rotations/auth0-client-secret/{rotationId},superseded,secretRotations,secretRotations.read,secret-rotations-provider-id-read-superseded
secret-rotations/auth0-client-secret/get-by-name.mdx,GET,/api/v2/secret-rotations/auth0-client-secret/rotation-name/{rotationName},superseded,secretRotations,secretRotations.read,secret-rotations-provider-name-read-superseded
secret-rotations/auth0-client-secret/get-generated-credentials-by-id.mdx,GET,/api/v2/secret-rotations/auth0-client-secret/{rotationId}/generated-credentials,intentionally_omitted,secretRotations,secretRotations.otherProviders.lifecycle,secret-rotations-other-providers-omitted
secret-rotations/auth0-client-secret/list.mdx,GET,/api/v2/secret-rotations/auth0-client-secret,superseded,secretRotations,secretRotations.read,secret-rotations-provider-list-superseded
secret-rotations/auth0-client-secret/rotate-secrets.mdx,POST,/api/v2/secret-rotations/auth0-client-secret/{rotationId}/rotate-secrets,intentionally_omitted,secretRotations,secretRotations.otherProviders.lifecycle,secret-rotations-other-providers-omitted
secret-rotations/auth0-client-secret/update.mdx,PATCH,/api/v2/secret-rotations/auth0-client-secret/{rotationId},intentionally_omitted,secretRotations,secretRotations.otherProviders.lifecycle,secret-rotations-other-providers-omitted
secret-rotations/aws-iam-user-secret/create.mdx,POST,/api/v2/secret-rotations/aws-iam-user-secret,intentionally_omitted,secretRotations,secretRotations.otherProviders.lifecycle,secret-rotations-other-providers-omitted
secret-rotations/aws-iam-user-secret/delete.mdx,DELETE,/api/v2/secret-rotations/aws-iam-user-secret/{rotationId},intentionally_omitted,secretRotations,secretRotations.otherProviders.lifecycle,secret-rotations-other-providers-omitted
secret-rotations/aws-iam-user-secret/get-by-id.mdx,GET,/api/v2/secret-rotations/aws-iam-user-secret/{rotationId},superseded,secretRotations,secretRotations.read,secret-rotations-provider-id-read-superseded
secret-rotations/aws-iam-user-secret/get-by-name.mdx,GET,/api/v2/secret-rotations/aws-iam-user-secret/rotation-name/{rotationName},superseded,secretRotations,secretRotations.read,secret-rotations-provider-name-read-superseded
secret-rotations/aws-iam-user-secret/get-generated-credentials-by-id.mdx,GET,/api/v2/secret-rotations/aws-iam-user-secret/{rotationId}/generated-credentials,intentionally_omitted,secretRotations,secretRotations.otherProviders.lifecycle,secret-rotations-other-providers-omitted
secret-rotations/aws-iam-user-secret/list.mdx,GET,/api/v2/secret-rotations/aws-iam-user-secret,superseded,secretRotations,secretRotations.read,secret-rotations-provider-list-superseded
secret-rotations/aws-iam-user-secret/rotate-secrets.mdx,POST,/api/v2/secret-rotations/aws-iam-user-secret/{rotationId}/rotate-secrets,intentionally_omitted,secretRotations,secretRotations.otherProviders.lifecycle,secret-rotations-other-providers-omitted
secret-rotations/aws-iam-user-secret/update.mdx,PATCH,/api/v2/secret-rotations/aws-iam-user-secret/{rotationId},intentionally_omitted,secretRotations,secretRotations.otherProviders.lifecycle,secret-rotations-other-providers-omitted
secret-rotations/azure-client-secret/create.mdx,POST,/api/v2/secret-rotations/azure-client-secret,intentionally_omitted,secretRotations,secretRotations.otherProviders.lifecycle,secret-rotations-other-providers-omitted
secret-rotations/azure-client-secret/delete.mdx,DELETE,/api/v2/secret-rotations/azure-client-secret/{rotationId},intentionally_omitted,secretRotations,secretRotations.otherProviders.lifecycle,secret-rotations-other-providers-omitted
secret-rotations/azure-client-secret/get-by-id.mdx,GET,/api/v2/secret-rotations/azure-client-secret/{rotationId},superseded,secretRotations,secretRotations.read,secret-rotations-provider-id-read-superseded
secret-rotations/azure-client-secret/get-by-name.mdx,GET,/api/v2/secret-rotations/azure-client-secret/rotation-name/{rotationName},superseded,secretRotations,secretRotations.read,secret-rotations-provider-name-read-superseded
secret-rotations/azure-client-secret/get-generated-credentials-by-id.mdx,GET,/api/v2/secret-rotations/azure-client-secret/{rotationId}/generated-credentials,intentionally_omitted,secretRotations,secretRotations.otherProviders.lifecycle,secret-rotations-other-providers-omitted
secret-rotations/azure-client-secret/list.mdx,GET,/api/v2/secret-rotations/azure-client-secret,superseded,secretRotations,secretRotations.read,secret-rotations-provider-list-superseded
secret-rotations/azure-client-secret/rotate-secrets.mdx,POST,/api/v2/secret-rotations/azure-client-secret/{rotationId}/rotate-secrets,intentionally_omitted,secretRotations,secretRotations.otherProviders.lifecycle,secret-rotations-other-providers-omitted
secret-rotations/azure-client-secret/update.mdx,PATCH,/api/v2/secret-rotations/azure-client-secret/{rotationId},intentionally_omitted,secretRotations,secretRotations.otherProviders.lifecycle,secret-rotations-other-providers-omitted
secret-rotations/databricks-service-principal-secret/create.mdx,POST,/api/v2/secret-rotations/databricks-service-principal-secret,intentionally_omitted,secretRotations,secretRotations.otherProviders.lifecycle,secret-rotations-other-providers-omitted
secret-rotations/databricks-service-principal-secret/delete.mdx,DELETE,/api/v2/secret-rotations/databricks-service-principal-secret/{rotationId},intentionally_omitted,secretRotations,secretRotations.otherProviders.lifecycle,secret-rotations-other-providers-omitted
secret-rotations/databricks-service-principal-secret/get-by-id.mdx,GET,/api/v2/secret-rotations/databricks-service-principal-secret/{rotationId},superseded,secretRotations,secretRotations.read,secret-rotations-provider-id-read-superseded
secret-rotations/databricks-service-principal-secret/get-by-name.mdx,GET,/api/v2/secret-rotations/databricks-service-principal-secret/rotation-name/{rotationName},superseded,secretRotations,secretRotations.read,secret-rotations-provider-name-read-superseded
secret-rotations/databricks-service-principal-secret/get-generated-credentials-by-id.mdx,GET,/api/v2/secret-rotations/databricks-service-principal-secret/{rotationId}/generated-credentials,intentionally_omitted,secretRotations,secretRotations.otherProviders.lifecycle,secret-rotations-other-providers-omitted
secret-rotations/databricks-service-principal-secret/list.mdx,GET,/api/v2/secret-rotations/databricks-service-principal-secret,superseded,secretRotations,secretRotations.read,secret-rotations-provider-list-superseded
secret-rotations/databricks-service-principal-secret/rotate-secrets.mdx,POST,/api/v2/secret-rotations/databricks-service-principal-secret/{rotationId}/rotate-secrets,intentionally_omitted,secretRotations,secretRotations.otherProviders.lifecycle,secret-rotations-other-providers-omitted
secret-rotations/databricks-service-principal-secret/update.mdx,PATCH,/api/v2/secret-rotations/databricks-service-principal-secret/{rotationId},intentionally_omitted,secretRotations,secretRotations.otherProviders.lifecycle,secret-rotations-other-providers-omitted
secret-rotations/dbt-service-token/create.mdx,POST,/api/v2/secret-rotations/dbt-service-token,intentionally_omitted,secretRotations,secretRotations.otherProviders.lifecycle,secret-rotations-other-providers-omitted
secret-rotations/dbt-service-token/delete.mdx,DELETE,/api/v2/secret-rotations/dbt-service-token/{rotationId},intentionally_omitted,secretRotations,secretRotations.otherProviders.lifecycle,secret-rotations-other-providers-omitted
secret-rotations/dbt-service-token/get-by-id.mdx,GET,/api/v2/secret-rotations/dbt-service-token/{rotationId},superseded,secretRotations,secretRotations.read,secret-rotations-provider-id-read-superseded
secret-rotations/dbt-service-token/get-by-name.mdx,GET,/api/v2/secret-rotations/dbt-service-token/rotation-name/{rotationName},superseded,secretRotations,secretRotations.read,secret-rotations-provider-name-read-superseded
secret-rotations/dbt-service-token/get-generated-credentials-by-id.mdx,GET,/api/v2/secret-rotations/dbt-service-token/{rotationId}/generated-credentials,intentionally_omitted,secretRotations,secretRotations.otherProviders.lifecycle,secret-rotations-other-providers-omitted
secret-rotations/dbt-service-token/list.mdx,GET,/api/v2/secret-rotations/dbt-service-token,superseded,secretRotations,secretRotations.read,secret-rotations-provider-list-superseded
secret-rotations/dbt-service-token/rotate-secrets.mdx,POST,/api/v2/secret-rotations/dbt-service-token/{rotationId}/rotate-secrets,intentionally_omitted,secretRotations,secretRotations.otherProviders.lifecycle,secret-rotations-other-providers-omitted
secret-rotations/dbt-service-token/update.mdx,PATCH,/api/v2/secret-rotations/dbt-service-token/{rotationId},intentionally_omitted,secretRotations,secretRotations.otherProviders.lifecycle,secret-rotations-other-providers-omitted
secret-rotations/hp-ilo-local-account/create.mdx,POST,/api/v2/secret-rotations/hp-ilo-local-account,intentionally_omitted,secretRotations,secretRotations.otherProviders.lifecycle,secret-rotations-other-providers-omitted
secret-rotations/hp-ilo-local-account/delete.mdx,DELETE,/api/v2/secret-rotations/hp-ilo-local-account/{rotationId},intentionally_omitted,secretRotations,secretRotations.otherProviders.lifecycle,secret-rotations-other-providers-omitted
secret-rotations/hp-ilo-local-account/get-by-id.mdx,GET,/api/v2/secret-rotations/hp-ilo-local-account/{rotationId},superseded,secretRotations,secretRotations.read,secret-rotations-provider-id-read-superseded
secret-rotations/hp-ilo-local-account/get-by-name.mdx,GET,/api/v2/secret-rotations/hp-ilo-local-account/rotation-name/{rotationName},superseded,secretRotations,secretRotations.read,secret-rotations-provider-name-read-superseded
secret-rotations/hp-ilo-local-account/get-generated-credentials-by-id.mdx,GET,/api/v2/secret-rotations/hp-ilo-local-account/{rotationId}/generated-credentials,intentionally_omitted,secretRotations,secretRotations.otherProviders.lifecycle,secret-rotations-other-providers-omitted
secret-rotations/hp-ilo-local-account/list.mdx,GET,/api/v2/secret-rotations/hp-ilo-local-account,superseded,secretRotations,secretRotations.read,secret-rotations-provider-list-superseded
secret-rotations/hp-ilo-local-account/reconcile.mdx,POST,/api/v2/secret-rotations/hp-ilo-local-account/{rotationId}/reconcile,intentionally_omitted,secretRotations,secretRotations.otherProviders.lifecycle,secret-rotations-other-providers-omitted
secret-rotations/hp-ilo-local-account/rotate-secrets.mdx,POST,/api/v2/secret-rotations/hp-ilo-local-account/{rotationId}/rotate-secrets,intentionally_omitted,secretRotations,secretRotations.otherProviders.lifecycle,secret-rotations-other-providers-omitted
secret-rotations/hp-ilo-local-account/update.mdx,PATCH,/api/v2/secret-rotations/hp-ilo-local-account/{rotationId},intentionally_omitted,secretRotations,secretRotations.otherProviders.lifecycle,secret-rotations-other-providers-omitted
secret-rotations/ldap-password/create.mdx,POST,/api/v2/secret-rotations/ldap-password,intentionally_omitted,secretRotations,secretRotations.otherProviders.lifecycle,secret-rotations-other-providers-omitted
secret-rotations/ldap-password/delete.mdx,DELETE,/api/v2/secret-rotations/ldap-password/{rotationId},intentionally_omitted,secretRotations,secretRotations.otherProviders.lifecycle,secret-rotations-other-providers-omitted
secret-rotations/ldap-password/get-by-id.mdx,GET,/api/v2/secret-rotations/ldap-password/{rotationId},superseded,secretRotations,secretRotations.read,secret-rotations-provider-id-read-superseded
secret-rotations/ldap-password/get-by-name.mdx,GET,/api/v2/secret-rotations/ldap-password/rotation-name/{rotationName},superseded,secretRotations,secretRotations.read,secret-rotations-provider-name-read-superseded
secret-rotations/ldap-password/get-generated-credentials-by-id.mdx,GET,/api/v2/secret-rotations/ldap-password/{rotationId}/generated-credentials,intentionally_omitted,secretRotations,secretRotations.otherProviders.lifecycle,secret-rotations-other-providers-omitted
secret-rotations/ldap-password/list.mdx,GET,/api/v2/secret-rotations/ldap-password,superseded,secretRotations,secretRotations.read,secret-rotations-provider-list-superseded
secret-rotations/ldap-password/rotate-secrets.mdx,POST,/api/v2/secret-rotations/ldap-password/{rotationId}/rotate-secrets,intentionally_omitted,secretRotations,secretRotations.otherProviders.lifecycle,secret-rotations-other-providers-omitted
secret-rotations/ldap-password/update.mdx,PATCH,/api/v2/secret-rotations/ldap-password/{rotationId},intentionally_omitted,secretRotations,secretRotations.otherProviders.lifecycle,secret-rotations-other-providers-omitted
secret-rotations/list.mdx,GET,/api/v2/secret-rotations,implemented,secretRotations,secretRotations.read,secret-rotations-inventory-implemented
secret-rotations/mongodb-credentials/create.mdx,POST,/api/v2/secret-rotations/mongodb-credentials,intentionally_omitted,secretRotations,secretRotations.otherProviders.lifecycle,secret-rotations-other-providers-omitted
secret-rotations/mongodb-credentials/delete.mdx,DELETE,/api/v2/secret-rotations/mongodb-credentials/{rotationId},intentionally_omitted,secretRotations,secretRotations.otherProviders.lifecycle,secret-rotations-other-providers-omitted
secret-rotations/mongodb-credentials/get-by-id.mdx,GET,/api/v2/secret-rotations/mongodb-credentials/{rotationId},superseded,secretRotations,secretRotations.read,secret-rotations-provider-id-read-superseded
secret-rotations/mongodb-credentials/get-by-name.mdx,GET,/api/v2/secret-rotations/mongodb-credentials/rotation-name/{rotationName},superseded,secretRotations,secretRotations.read,secret-rotations-provider-name-read-superseded
secret-rotations/mongodb-credentials/get-generated-credentials-by-id.mdx,GET,/api/v2/secret-rotations/mongodb-credentials/{rotationId}/generated-credentials,intentionally_omitted,secretRotations,secretRotations.otherProviders.lifecycle,secret-rotations-other-providers-omitted
secret-rotations/mongodb-credentials/list.mdx,GET,/api/v2/secret-rotations/mongodb-credentials,superseded,secretRotations,secretRotations.read,secret-rotations-provider-list-superseded
secret-rotations/mongodb-credentials/rotate-secrets.mdx,POST,/api/v2/secret-rotations/mongodb-credentials/{rotationId}/rotate-secrets,intentionally_omitted,secretRotations,secretRotations.otherProviders.lifecycle,secret-rotations-other-providers-omitted
secret-rotations/mongodb-credentials/update.mdx,PATCH,/api/v2/secret-rotations/mongodb-credentials/{rotationId},intentionally_omitted,secretRotations,secretRotations.otherProviders.lifecycle,secret-rotations-other-providers-omitted
secret-rotations/mssql-credentials/create.mdx,POST,/api/v2/secret-rotations/mssql-credentials,implemented,secretRotations.sql,secretRotations.sql.admin,secret-rotations-mssql-implemented--implemented-secretrotations-sql-admin
secret-rotations/mssql-credentials/delete.mdx,DELETE,/api/v2/secret-rotations/mssql-credentials/{rotationId},implemented,secretRotations.sql,secretRotations.sql.admin,secret-rotations-mssql-implemented--implemented-secretrotations-sql-admin
secret-rotations/mssql-credentials/get-by-id.mdx,GET,/api/v2/secret-rotations/mssql-credentials/{rotationId},implemented,secretRotations.sql,secretRotations.sql.admin,secret-rotations-mssql-implemented--implemented-secretrotations-sql-admin
secret-rotations/mssql-credentials/get-by-name.mdx,GET,/api/v2/secret-rotations/mssql-credentials/rotation-name/{rotationName},implemented,secretRotations.sql,secretRotations.sql.admin,secret-rotations-mssql-implemented--implemented-secretrotations-sql-admin
secret-rotations/mssql-credentials/get-generated-credentials-by-id.mdx,GET,/api/v2/secret-rotations/mssql-credentials/{rotationId}/generated-credentials,implemented,secretRotations.sql,secretRotations.sql.generatedCredentials.read,secret-rotations-mssql-implemented--implemented-secretrotations-sql-generatedcredentials-read
secret-rotations/mssql-credentials/list.mdx,GET,/api/v2/secret-rotations/mssql-credentials,implemented,secretRotations.sql,secretRotations.sql.admin,secret-rotations-mssql-implemented--implemented-secretrotations-sql-admin
secret-rotations/mssql-credentials/rotate-secrets.mdx,POST,/api/v2/secret-rotations/mssql-credentials/{rotationId}/rotate-secrets,implemented,secretRotations.sql,secretRotations.sql.rotate,secret-rotations-mssql-implemented--implemented-secretrotations-sql-rotate
secret-rotations/mssql-credentials/update.mdx,PATCH,/api/v2/secret-rotations/mssql-credentials/{rotationId},implemented,secretRotations.sql,secretRotations.sql.admin,secret-rotations-mssql-implemented--implemented-secretrotations-sql-admin
secret-rotations/mysql-credentials/create.mdx,POST,/api/v2/secret-rotations/mysql-credentials,implemented,secretRotations.sql,secretRotations.sql.admin,secret-rotations-mysql-implemented--implemented-secretrotations-sql-admin
secret-rotations/mysql-credentials/delete.mdx,DELETE,/api/v2/secret-rotations/mysql-credentials/{rotationId},implemented,secretRotations.sql,secretRotations.sql.admin,secret-rotations-mysql-implemented--implemented-secretrotations-sql-admin
secret-rotations/mysql-credentials/get-by-id.mdx,GET,/api/v2/secret-rotations/mysql-credentials/{rotationId},implemented,secretRotations.sql,secretRotations.sql.admin,secret-rotations-mysql-implemented--implemented-secretrotations-sql-admin
secret-rotations/mysql-credentials/get-by-name.mdx,GET,/api/v2/secret-rotations/mysql-credentials/rotation-name/{rotationName},implemented,secretRotations.sql,secretRotations.sql.admin,secret-rotations-mysql-implemented--implemented-secretrotations-sql-admin
secret-rotations/mysql-credentials/get-generated-credentials-by-id.mdx,GET,/api/v2/secret-rotations/mysql-credentials/{rotationId}/generated-credentials,implemented,secretRotations.sql,secretRotations.sql.generatedCredentials.read,secret-rotations-mysql-implemented--implemented-secretrotations-sql-generatedcredentials-read
secret-rotations/mysql-credentials/list.mdx,GET,/api/v2/secret-rotations/mysql-credentials,implemented,secretRotations.sql,secretRotations.sql.admin,secret-rotations-mysql-implemented--implemented-secretrotations-sql-admin
secret-rotations/mysql-credentials/rotate-secrets.mdx,POST,/api/v2/secret-rotations/mysql-credentials/{rotationId}/rotate-secrets,implemented,secretRotations.sql,secretRotations.sql.rotate,secret-rotations-mysql-implemented--implemented-secretrotations-sql-rotate
secret-rotations/mysql-credentials/update.mdx,PATCH,/api/v2/secret-rotations/mysql-credentials/{rotationId},implemented,secretRotations.sql,secretRotations.sql.admin,secret-rotations-mysql-implemented--implemented-secretrotations-sql-admin
secret-rotations/okta-client-secret/create.mdx,POST,/api/v2/secret-rotations/okta-client-secret,intentionally_omitted,secretRotations,secretRotations.otherProviders.lifecycle,secret-rotations-other-providers-omitted
secret-rotations/okta-client-secret/delete.mdx,DELETE,/api/v2/secret-rotations/okta-client-secret/{rotationId},intentionally_omitted,secretRotations,secretRotations.otherProviders.lifecycle,secret-rotations-other-providers-omitted
secret-rotations/okta-client-secret/get-by-id.mdx,GET,/api/v2/secret-rotations/okta-client-secret/{rotationId},superseded,secretRotations,secretRotations.read,secret-rotations-provider-id-read-superseded
secret-rotations/okta-client-secret/get-by-name.mdx,GET,/api/v2/secret-rotations/okta-client-secret/rotation-name/{rotationName},superseded,secretRotations,secretRotations.read,secret-rotations-provider-name-read-superseded
secret-rotations/okta-client-secret/get-generated-credentials-by-id.mdx,GET,/api/v2/secret-rotations/okta-client-secret/{rotationId}/generated-credentials,intentionally_omitted,secretRotations,secretRotations.otherProviders.lifecycle,secret-rotations-other-providers-omitted
secret-rotations/okta-client-secret/list.mdx,GET,/api/v2/secret-rotations/okta-client-secret,superseded,secretRotations,secretRotations.read,secret-rotations-provider-list-superseded
secret-rotations/okta-client-secret/rotate-secrets.mdx,POST,/api/v2/secret-rotations/okta-client-secret/{rotationId}/rotate-secrets,intentionally_omitted,secretRotations,secretRotations.otherProviders.lifecycle,secret-rotations-other-providers-omitted
secret-rotations/okta-client-secret/update.mdx,PATCH,/api/v2/secret-rotations/okta-client-secret/{rotationId},intentionally_omitted,secretRotations,secretRotations.otherProviders.lifecycle,secret-rotations-other-providers-omitted
secret-rotations/openrouter-api-key/create.mdx,POST,/api/v2/secret-rotations/open-router-api-key,intentionally_omitted,secretRotations,secretRotations.otherProviders.lifecycle,secret-rotations-other-providers-omitted
secret-rotations/openrouter-api-key/delete.mdx,DELETE,/api/v2/secret-rotations/open-router-api-key/{rotationId},intentionally_omitted,secretRotations,secretRotations.otherProviders.lifecycle,secret-rotations-other-providers-omitted
secret-rotations/openrouter-api-key/get-by-id.mdx,GET,/api/v2/secret-rotations/open-router-api-key/{rotationId},superseded,secretRotations,secretRotations.read,secret-rotations-provider-id-read-superseded
secret-rotations/openrouter-api-key/get-by-name.mdx,GET,/api/v2/secret-rotations/open-router-api-key/rotation-name/{rotationName},superseded,secretRotations,secretRotations.read,secret-rotations-provider-name-read-superseded
secret-rotations/openrouter-api-key/get-generated-credentials-by-id.mdx,GET,/api/v2/secret-rotations/open-router-api-key/{rotationId}/generated-credentials,intentionally_omitted,secretRotations,secretRotations.otherProviders.lifecycle,secret-rotations-other-providers-omitted
secret-rotations/openrouter-api-key/list.mdx,GET,/api/v2/secret-rotations/open-router-api-key,superseded,secretRotations,secretRotations.read,secret-rotations-provider-list-superseded
secret-rotations/openrouter-api-key/rotate-secrets.mdx,POST,/api/v2/secret-rotations/open-router-api-key/{rotationId}/rotate-secrets,intentionally_omitted,secretRotations,secretRotations.otherProviders.lifecycle,secret-rotations-other-providers-omitted
secret-rotations/openrouter-api-key/update.mdx,PATCH,/api/v2/secret-rotations/open-router-api-key/{rotationId},intentionally_omitted,secretRotations,secretRotations.otherProviders.lifecycle,secret-rotations-other-providers-omitted
secret-rotations/options.mdx,GET,/api/v2/secret-rotations/options,superseded,secretRotations,secretRotations.read,secret-rotations-options-superseded
secret-rotations/oracledb-credentials/create.mdx,POST,/api/v2/secret-rotations/oracledb-credentials,implemented,secretRotations.sql,secretRotations.sql.admin,secret-rotations-oracle-implemented--implemented-secretrotations-sql-admin
secret-rotations/oracledb-credentials/delete.mdx,DELETE,/api/v2/secret-rotations/oracledb-credentials/{rotationId},implemented,secretRotations.sql,secretRotations.sql.admin,secret-rotations-oracle-implemented--implemented-secretrotations-sql-admin
secret-rotations/oracledb-credentials/get-by-id.mdx,GET,/api/v2/secret-rotations/oracledb-credentials/{rotationId},implemented,secretRotations.sql,secretRotations.sql.admin,secret-rotations-oracle-implemented--implemented-secretrotations-sql-admin
secret-rotations/oracledb-credentials/get-by-name.mdx,GET,/api/v2/secret-rotations/oracledb-credentials/rotation-name/{rotationName},implemented,secretRotations.sql,secretRotations.sql.admin,secret-rotations-oracle-implemented--implemented-secretrotations-sql-admin
secret-rotations/oracledb-credentials/get-generated-credentials-by-id.mdx,GET,/api/v2/secret-rotations/oracledb-credentials/{rotationId}/generated-credentials,implemented,secretRotations.sql,secretRotations.sql.generatedCredentials.read,secret-rotations-oracle-implemented--implemented-secretrotations-sql-generatedcredentials-read
secret-rotations/oracledb-credentials/list.mdx,GET,/api/v2/secret-rotations/oracledb-credentials,implemented,secretRotations.sql,secretRotations.sql.admin,secret-rotations-oracle-implemented--implemented-secretrotations-sql-admin
secret-rotations/oracledb-credentials/rotate-secrets.mdx,POST,/api/v2/secret-rotations/oracledb-credentials/{rotationId}/rotate-secrets,implemented,secretRotations.sql,secretRotations.sql.rotate,secret-rotations-oracle-implemented--implemented-secretrotations-sql-rotate
secret-rotations/oracledb-credentials/update.mdx,PATCH,/api/v2/secret-rotations/oracledb-credentials/{rotationId},implemented,secretRotations.sql,secretRotations.sql.admin,secret-rotations-oracle-implemented--implemented-secretrotations-sql-admin
secret-rotations/postgres-credentials/create.mdx,POST,/api/v2/secret-rotations/postgres-credentials,implemented,secretRotations.sql,secretRotations.sql.admin,secret-rotations-postgres-implemented--implemented-secretrotations-sql-admin
secret-rotations/postgres-credentials/delete.mdx,DELETE,/api/v2/secret-rotations/postgres-credentials/{rotationId},implemented,secretRotations.sql,secretRotations.sql.admin,secret-rotations-postgres-implemented--implemented-secretrotations-sql-admin
secret-rotations/postgres-credentials/get-by-id.mdx,GET,/api/v2/secret-rotations/postgres-credentials/{rotationId},implemented,secretRotations.sql,secretRotations.sql.admin,secret-rotations-postgres-implemented--implemented-secretrotations-sql-admin
secret-rotations/postgres-credentials/get-by-name.mdx,GET,/api/v2/secret-rotations/postgres-credentials/rotation-name/{rotationName},implemented,secretRotations.sql,secretRotations.sql.admin,secret-rotations-postgres-implemented--implemented-secretrotations-sql-admin
secret-rotations/postgres-credentials/get-generated-credentials-by-id.mdx,GET,/api/v2/secret-rotations/postgres-credentials/{rotationId}/generated-credentials,implemented,secretRotations.sql,secretRotations.sql.generatedCredentials.read,secret-rotations-postgres-implemented--implemented-secretrotations-sql-generatedcredentials-read
secret-rotations/postgres-credentials/list.mdx,GET,/api/v2/secret-rotations/postgres-credentials,implemented,secretRotations.sql,secretRotations.sql.admin,secret-rotations-postgres-implemented--implemented-secretrotations-sql-admin
secret-rotations/postgres-credentials/rotate-secrets.mdx,POST,/api/v2/secret-rotations/postgres-credentials/{rotationId}/rotate-secrets,implemented,secretRotations.sql,secretRotations.sql.rotate,secret-rotations-postgres-implemented--implemented-secretrotations-sql-rotate
secret-rotations/postgres-credentials/update.mdx,PATCH,/api/v2/secret-rotations/postgres-credentials/{rotationId},implemented,secretRotations.sql,secretRotations.sql.admin,secret-rotations-postgres-implemented--implemented-secretrotations-sql-admin
secret-rotations/redis-credentials/create.mdx,POST,/api/v2/secret-rotations/redis-credentials,intentionally_omitted,secretRotations,secretRotations.otherProviders.lifecycle,secret-rotations-other-providers-omitted
secret-rotations/redis-credentials/delete.mdx,DELETE,/api/v2/secret-rotations/redis-credentials/{rotationId},intentionally_omitted,secretRotations,secretRotations.otherProviders.lifecycle,secret-rotations-other-providers-omitted
secret-rotations/redis-credentials/get-by-id.mdx,GET,/api/v2/secret-rotations/redis-credentials/{rotationId},superseded,secretRotations,secretRotations.read,secret-rotations-provider-id-read-superseded
secret-rotations/redis-credentials/get-by-name.mdx,GET,/api/v2/secret-rotations/redis-credentials/rotation-name/{rotationName},superseded,secretRotations,secretRotations.read,secret-rotations-provider-name-read-superseded
secret-rotations/redis-credentials/get-generated-credentials-by-id.mdx,GET,/api/v2/secret-rotations/redis-credentials/{rotationId}/generated-credentials,intentionally_omitted,secretRotations,secretRotations.otherProviders.lifecycle,secret-rotations-other-providers-omitted
secret-rotations/redis-credentials/list.mdx,GET,/api/v2/secret-rotations/redis-credentials,superseded,secretRotations,secretRotations.read,secret-rotations-provider-list-superseded
secret-rotations/redis-credentials/rotate-secrets.mdx,POST,/api/v2/secret-rotations/redis-credentials/{rotationId}/rotate-secrets,intentionally_omitted,secretRotations,secretRotations.otherProviders.lifecycle,secret-rotations-other-providers-omitted
secret-rotations/redis-credentials/update.mdx,PATCH,/api/v2/secret-rotations/redis-credentials/{rotationId},intentionally_omitted,secretRotations,secretRotations.otherProviders.lifecycle,secret-rotations-other-providers-omitted
secret-rotations/salesforce-oauth-credentials/create.mdx,POST,/api/v2/secret-rotations/salesforce-oauth-credentials,intentionally_omitted,secretRotations,secretRotations.otherProviders.lifecycle,secret-rotations-other-providers-omitted
secret-rotations/salesforce-oauth-credentials/delete.mdx,DELETE,/api/v2/secret-rotations/salesforce-oauth-credentials/{rotationId},intentionally_omitted,secretRotations,secretRotations.otherProviders.lifecycle,secret-rotations-other-providers-omitted
secret-rotations/salesforce-oauth-credentials/get-by-id.mdx,GET,/api/v2/secret-rotations/salesforce-oauth-credentials/{rotationId},superseded,secretRotations,secretRotations.read,secret-rotations-provider-id-read-superseded
secret-rotations/salesforce-oauth-credentials/get-by-name.mdx,GET,/api/v2/secret-rotations/salesforce-oauth-credentials/rotation-name/{rotationName},superseded,secretRotations,secretRotations.read,secret-rotations-provider-name-read-superseded
secret-rotations/salesforce-oauth-credentials/get-generated-credentials-by-id.mdx,GET,/api/v2/secret-rotations/salesforce-oauth-credentials/{rotationId}/generated-credentials,intentionally_omitted,secretRotations,secretRotations.otherProviders.lifecycle,secret-rotations-other-providers-omitted
secret-rotations/salesforce-oauth-credentials/list.mdx,GET,/api/v2/secret-rotations/salesforce-oauth-credentials,superseded,secretRotations,secretRotations.read,secret-rotations-provider-list-superseded
secret-rotations/salesforce-oauth-credentials/rotate-secrets.mdx,POST,/api/v2/secret-rotations/salesforce-oauth-credentials/{rotationId}/rotate-secrets,intentionally_omitted,secretRotations,secretRotations.otherProviders.lifecycle,secret-rotations-other-providers-omitted
secret-rotations/salesforce-oauth-credentials/update.mdx,PATCH,/api/v2/secret-rotations/salesforce-oauth-credentials/{rotationId},intentionally_omitted,secretRotations,secretRotations.otherProviders.lifecycle,secret-rotations-other-providers-omitted
secret-rotations/supabase-api-key/create.mdx,POST,/api/v2/secret-rotations/supabase-api-key,intentionally_omitted,secretRotations,secretRotations.otherProviders.lifecycle,secret-rotations-other-providers-omitted
secret-rotations/supabase-api-key/delete.mdx,DELETE,/api/v2/secret-rotations/supabase-api-key/{rotationId},intentionally_omitted,secretRotations,secretRotations.otherProviders.lifecycle,secret-rotations-other-providers-omitted
secret-rotations/supabase-api-key/get-by-id.mdx,GET,/api/v2/secret-rotations/supabase-api-key/{rotationId},superseded,secretRotations,secretRotations.read,secret-rotations-provider-id-read-superseded
secret-rotations/supabase-api-key/get-by-name.mdx,GET,/api/v2/secret-rotations/supabase-api-key/rotation-name/{rotationName},superseded,secretRotations,secretRotations.read,secret-rotations-provider-name-read-superseded
secret-rotations/supabase-api-key/get-generated-credentials-by-id.mdx,GET,/api/v2/secret-rotations/supabase-api-key/{rotationId}/generated-credentials,intentionally_omitted,secretRotations,secretRotations.otherProviders.lifecycle,secret-rotations-other-providers-omitted
secret-rotations/supabase-api-key/list.mdx,GET,/api/v2/secret-rotations/supabase-api-key,superseded,secretRotations,secretRotations.read,secret-rotations-provider-list-superseded
secret-rotations/supabase-api-key/rotate-secrets.mdx,POST,/api/v2/secret-rotations/supabase-api-key/{rotationId}/rotate-secrets,intentionally_omitted,secretRotations,secretRotations.otherProviders.lifecycle,secret-rotations-other-providers-omitted
secret-rotations/supabase-api-key/update.mdx,PATCH,/api/v2/secret-rotations/supabase-api-key/{rotationId},intentionally_omitted,secretRotations,secretRotations.otherProviders.lifecycle,secret-rotations-other-providers-omitted
secret-rotations/unix-linux-local-account/create.mdx,POST,/api/v2/secret-rotations/unix-linux-local-account,intentionally_omitted,secretRotations,secretRotations.otherProviders.lifecycle,secret-rotations-other-providers-omitted
secret-rotations/unix-linux-local-account/delete.mdx,DELETE,/api/v2/secret-rotations/unix-linux-local-account/{rotationId},intentionally_omitted,secretRotations,secretRotations.otherProviders.lifecycle,secret-rotations-other-providers-omitted
secret-rotations/unix-linux-local-account/get-by-id.mdx,GET,/api/v2/secret-rotations/unix-linux-local-account/{rotationId},superseded,secretRotations,secretRotations.read,secret-rotations-provider-id-read-superseded
secret-rotations/unix-linux-local-account/get-by-name.mdx,GET,/api/v2/secret-rotations/unix-linux-local-account/rotation-name/{rotationName},superseded,secretRotations,secretRotations.read,secret-rotations-provider-name-read-superseded
secret-rotations/unix-linux-local-account/get-generated-credentials-by-id.mdx,GET,/api/v2/secret-rotations/unix-linux-local-account/{rotationId}/generated-credentials,intentionally_omitted,secretRotations,secretRotations.otherProviders.lifecycle,secret-rotations-other-providers-omitted
secret-rotations/unix-linux-local-account/list.mdx,GET,/api/v2/secret-rotations/unix-linux-local-account,superseded,secretRotations,secretRotations.read,secret-rotations-provider-list-superseded
secret-rotations/unix-linux-local-account/reconcile.mdx,POST,/api/v2/secret-rotations/unix-linux-local-account/{rotationId}/reconcile,intentionally_omitted,secretRotations,secretRotations.otherProviders.lifecycle,secret-rotations-other-providers-omitted
secret-rotations/unix-linux-local-account/rotate-secrets.mdx,POST,/api/v2/secret-rotations/unix-linux-local-account/{rotationId}/rotate-secrets,intentionally_omitted,secretRotations,secretRotations.otherProviders.lifecycle,secret-rotations-other-providers-omitted
secret-rotations/unix-linux-local-account/update.mdx,PATCH,/api/v2/secret-rotations/unix-linux-local-account/{rotationId},intentionally_omitted,secretRotations,secretRotations.otherProviders.lifecycle,secret-rotations-other-providers-omitted
secret-rotations/windows-local-account/create.mdx,POST,/api/v2/secret-rotations/windows-local-account,intentionally_omitted,secretRotations,secretRotations.otherProviders.lifecycle,secret-rotations-other-providers-omitted
secret-rotations/windows-local-account/delete.mdx,DELETE,/api/v2/secret-rotations/windows-local-account/{rotationId},intentionally_omitted,secretRotations,secretRotations.otherProviders.lifecycle,secret-rotations-other-providers-omitted
secret-rotations/windows-local-account/get-by-id.mdx,GET,/api/v2/secret-rotations/windows-local-account/{rotationId},superseded,secretRotations,secretRotations.read,secret-rotations-provider-id-read-superseded
secret-rotations/windows-local-account/get-by-name.mdx,GET,/api/v2/secret-rotations/windows-local-account/rotation-name/{rotationName},superseded,secretRotations,secretRotations.read,secret-rotations-provider-name-read-superseded
secret-rotations/windows-local-account/get-generated-credentials-by-id.mdx,GET,/api/v2/secret-rotations/windows-local-account/{rotationId}/generated-credentials,intentionally_omitted,secretRotations,secretRotations.otherProviders.lifecycle,secret-rotations-other-providers-omitted
secret-rotations/windows-local-account/list.mdx,GET,/api/v2/secret-rotations/windows-local-account,superseded,secretRotations,secretRotations.read,secret-rotations-provider-list-superseded
secret-rotations/windows-local-account/reconcile.mdx,POST,/api/v2/secret-rotations/windows-local-account/{rotationId}/reconcile,intentionally_omitted,secretRotations,secretRotations.otherProviders.lifecycle,secret-rotations-other-providers-omitted
secret-rotations/windows-local-account/rotate-secrets.mdx,POST,/api/v2/secret-rotations/windows-local-account/{rotationId}/rotate-secrets,intentionally_omitted,secretRotations,secretRotations.otherProviders.lifecycle,secret-rotations-other-providers-omitted
secret-rotations/windows-local-account/update.mdx,PATCH,/api/v2/secret-rotations/windows-local-account/{rotationId},intentionally_omitted,secretRotations,secretRotations.otherProviders.lifecycle,secret-rotations-other-providers-omitted
secret-scanning/config/get-by-project-id.mdx,GET,/api/v2/secret-scanning/configs,intentionally_omitted,secretScanning,secretScanning.admin,secret-scanning-omitted
secret-scanning/config/update.mdx,PATCH,/api/v2/secret-scanning/configs,intentionally_omitted,secretScanning,secretScanning.admin,secret-scanning-omitted
secret-scanning/data-sources/bitbucket/create.mdx,POST,/api/v2/secret-scanning/data-sources/bitbucket,intentionally_omitted,secretScanning,secretScanning.admin,secret-scanning-omitted
secret-scanning/data-sources/bitbucket/delete.mdx,DELETE,/api/v2/secret-scanning/data-sources/bitbucket/{dataSourceId},intentionally_omitted,secretScanning,secretScanning.admin,secret-scanning-omitted
secret-scanning/data-sources/bitbucket/get-by-id.mdx,GET,/api/v2/secret-scanning/data-sources/bitbucket/{dataSourceId},intentionally_omitted,secretScanning,secretScanning.admin,secret-scanning-omitted
secret-scanning/data-sources/bitbucket/get-by-name.mdx,GET,/api/v2/secret-scanning/data-sources/bitbucket/data-source-name/{sourceName},intentionally_omitted,secretScanning,secretScanning.admin,secret-scanning-omitted
secret-scanning/data-sources/bitbucket/list-resources.mdx,GET,/api/v2/secret-scanning/data-sources/bitbucket/{dataSourceId}/resources,intentionally_omitted,secretScanning,secretScanning.admin,secret-scanning-omitted
secret-scanning/data-sources/bitbucket/list-scans.mdx,GET,/api/v2/secret-scanning/data-sources/bitbucket/{dataSourceId}/scans,intentionally_omitted,secretScanning,secretScanning.admin,secret-scanning-omitted
secret-scanning/data-sources/bitbucket/list.mdx,GET,/api/v2/secret-scanning/data-sources/bitbucket,intentionally_omitted,secretScanning,secretScanning.admin,secret-scanning-omitted
secret-scanning/data-sources/bitbucket/scan-resource.mdx,POST,/api/v2/secret-scanning/data-sources/bitbucket/{dataSourceId}/resources/{resourceId}/scan,intentionally_omitted,secretScanning,secretScanning.admin,secret-scanning-omitted
secret-scanning/data-sources/bitbucket/scan.mdx,POST,/api/v2/secret-scanning/data-sources/bitbucket/{dataSourceId}/scan,intentionally_omitted,secretScanning,secretScanning.admin,secret-scanning-omitted
secret-scanning/data-sources/bitbucket/update.mdx,PATCH,/api/v2/secret-scanning/data-sources/bitbucket/{dataSourceId},intentionally_omitted,secretScanning,secretScanning.admin,secret-scanning-omitted
secret-scanning/data-sources/github/create.mdx,POST,/api/v2/secret-scanning/data-sources/github,intentionally_omitted,secretScanning,secretScanning.admin,secret-scanning-omitted
secret-scanning/data-sources/github/delete.mdx,DELETE,/api/v2/secret-scanning/data-sources/github/{dataSourceId},intentionally_omitted,secretScanning,secretScanning.admin,secret-scanning-omitted
secret-scanning/data-sources/github/get-by-id.mdx,GET,/api/v2/secret-scanning/data-sources/github/{dataSourceId},intentionally_omitted,secretScanning,secretScanning.admin,secret-scanning-omitted
secret-scanning/data-sources/github/get-by-name.mdx,GET,/api/v2/secret-scanning/data-sources/github/data-source-name/{sourceName},intentionally_omitted,secretScanning,secretScanning.admin,secret-scanning-omitted
secret-scanning/data-sources/github/list-resources.mdx,GET,/api/v2/secret-scanning/data-sources/github/{dataSourceId}/resources,intentionally_omitted,secretScanning,secretScanning.admin,secret-scanning-omitted
secret-scanning/data-sources/github/list-scans.mdx,GET,/api/v2/secret-scanning/data-sources/github/{dataSourceId}/scans,intentionally_omitted,secretScanning,secretScanning.admin,secret-scanning-omitted
secret-scanning/data-sources/github/list.mdx,GET,/api/v2/secret-scanning/data-sources/github,intentionally_omitted,secretScanning,secretScanning.admin,secret-scanning-omitted
secret-scanning/data-sources/github/scan-resource.mdx,POST,/api/v2/secret-scanning/data-sources/github/{dataSourceId}/resources/{resourceId}/scan,intentionally_omitted,secretScanning,secretScanning.admin,secret-scanning-omitted
secret-scanning/data-sources/github/scan.mdx,POST,/api/v2/secret-scanning/data-sources/github/{dataSourceId}/scan,intentionally_omitted,secretScanning,secretScanning.admin,secret-scanning-omitted
secret-scanning/data-sources/github/update.mdx,PATCH,/api/v2/secret-scanning/data-sources/github/{dataSourceId},intentionally_omitted,secretScanning,secretScanning.admin,secret-scanning-omitted
secret-scanning/data-sources/gitlab/create.mdx,POST,/api/v2/secret-scanning/data-sources/gitlab,intentionally_omitted,secretScanning,secretScanning.admin,secret-scanning-omitted
secret-scanning/data-sources/gitlab/delete.mdx,DELETE,/api/v2/secret-scanning/data-sources/gitlab/{dataSourceId},intentionally_omitted,secretScanning,secretScanning.admin,secret-scanning-omitted
secret-scanning/data-sources/gitlab/get-by-id.mdx,GET,/api/v2/secret-scanning/data-sources/gitlab/{dataSourceId},intentionally_omitted,secretScanning,secretScanning.admin,secret-scanning-omitted
secret-scanning/data-sources/gitlab/get-by-name.mdx,GET,/api/v2/secret-scanning/data-sources/gitlab/data-source-name/{sourceName},intentionally_omitted,secretScanning,secretScanning.admin,secret-scanning-omitted
secret-scanning/data-sources/gitlab/list-resources.mdx,GET,/api/v2/secret-scanning/data-sources/gitlab/{dataSourceId}/resources,intentionally_omitted,secretScanning,secretScanning.admin,secret-scanning-omitted
secret-scanning/data-sources/gitlab/list-scans.mdx,GET,/api/v2/secret-scanning/data-sources/gitlab/{dataSourceId}/scans,intentionally_omitted,secretScanning,secretScanning.admin,secret-scanning-omitted
secret-scanning/data-sources/gitlab/list.mdx,GET,/api/v2/secret-scanning/data-sources/gitlab,intentionally_omitted,secretScanning,secretScanning.admin,secret-scanning-omitted
secret-scanning/data-sources/gitlab/scan-resource.mdx,POST,/api/v2/secret-scanning/data-sources/gitlab/{dataSourceId}/resources/{resourceId}/scan,intentionally_omitted,secretScanning,secretScanning.admin,secret-scanning-omitted
secret-scanning/data-sources/gitlab/scan.mdx,POST,/api/v2/secret-scanning/data-sources/gitlab/{dataSourceId}/scan,intentionally_omitted,secretScanning,secretScanning.admin,secret-scanning-omitted
secret-scanning/data-sources/gitlab/update.mdx,PATCH,/api/v2/secret-scanning/data-sources/gitlab/{dataSourceId},intentionally_omitted,secretScanning,secretScanning.admin,secret-scanning-omitted
secret-scanning/data-sources/list.mdx,GET,/api/v2/secret-scanning/data-sources,intentionally_omitted,secretScanning,secretScanning.admin,secret-scanning-omitted
secret-scanning/data-sources/options.mdx,GET,/api/v2/secret-scanning/data-sources/options,intentionally_omitted,secretScanning,secretScanning.admin,secret-scanning-omitted
secret-scanning/findings/list.mdx,GET,/api/v2/secret-scanning/findings,intentionally_omitted,secretScanning,secretScanning.admin,secret-scanning-omitted
secret-scanning/findings/update.mdx,PATCH,/api/v2/secret-scanning/findings/{findingId},intentionally_omitted,secretScanning,secretScanning.admin,secret-scanning-omitted
secret-syncs/1password/create.mdx,POST,/api/v1/secret-syncs/1password,intentionally_omitted,secretSyncs,secretSyncs.otherDestinations.admin,secret-syncs-other-destinations-omitted
secret-syncs/1password/delete.mdx,DELETE,/api/v1/secret-syncs/1password/{syncId},intentionally_omitted,secretSyncs,secretSyncs.otherDestinations.admin,secret-syncs-other-destinations-omitted
secret-syncs/1password/get-by-id.mdx,GET,/api/v1/secret-syncs/1password/{syncId},superseded,secretSyncs,secretSyncs.read,secret-syncs-destination-id-read-superseded
secret-syncs/1password/get-by-name.mdx,GET,/api/v1/secret-syncs/1password/sync-name/{syncName},superseded,secretSyncs,secretSyncs.read,secret-syncs-destination-name-read-superseded
secret-syncs/1password/import-secrets.mdx,POST,/api/v1/secret-syncs/1password/{syncId}/import-secrets,intentionally_omitted,secretSyncs,secretSyncs.otherDestinations.admin,secret-syncs-other-destinations-omitted
secret-syncs/1password/list.mdx,GET,/api/v1/secret-syncs/1password,superseded,secretSyncs,secretSyncs.read,secret-syncs-destination-list-superseded
secret-syncs/1password/remove-secrets.mdx,POST,/api/v1/secret-syncs/1password/{syncId}/remove-secrets,intentionally_omitted,secretSyncs,secretSyncs.otherDestinations.admin,secret-syncs-other-destinations-omitted
secret-syncs/1password/sync-secrets.mdx,POST,/api/v1/secret-syncs/1password/{syncId}/sync-secrets,intentionally_omitted,secretSyncs,secretSyncs.otherDestinations.admin,secret-syncs-other-destinations-omitted
secret-syncs/1password/update.mdx,PATCH,/api/v1/secret-syncs/1password/{syncId},intentionally_omitted,secretSyncs,secretSyncs.otherDestinations.admin,secret-syncs-other-destinations-omitted
secret-syncs/aws-parameter-store/create.mdx,POST,/api/v1/secret-syncs/aws-parameter-store,intentionally_omitted,secretSyncs,secretSyncs.otherDestinations.admin,secret-syncs-other-destinations-omitted
secret-syncs/aws-parameter-store/delete.mdx,DELETE,/api/v1/secret-syncs/aws-parameter-store/{syncId},intentionally_omitted,secretSyncs,secretSyncs.otherDestinations.admin,secret-syncs-other-destinations-omitted
secret-syncs/aws-parameter-store/get-by-id.mdx,GET,/api/v1/secret-syncs/aws-parameter-store/{syncId},superseded,secretSyncs,secretSyncs.read,secret-syncs-destination-id-read-superseded
secret-syncs/aws-parameter-store/get-by-name.mdx,GET,/api/v1/secret-syncs/aws-parameter-store/sync-name/{syncName},superseded,secretSyncs,secretSyncs.read,secret-syncs-destination-name-read-superseded
secret-syncs/aws-parameter-store/import-secrets.mdx,POST,/api/v1/secret-syncs/aws-parameter-store/{syncId}/import-secrets,intentionally_omitted,secretSyncs,secretSyncs.otherDestinations.admin,secret-syncs-other-destinations-omitted
secret-syncs/aws-parameter-store/list.mdx,GET,/api/v1/secret-syncs/aws-parameter-store,superseded,secretSyncs,secretSyncs.read,secret-syncs-destination-list-superseded
secret-syncs/aws-parameter-store/remove-secrets.mdx,POST,/api/v1/secret-syncs/aws-parameter-store/{syncId}/remove-secrets,intentionally_omitted,secretSyncs,secretSyncs.otherDestinations.admin,secret-syncs-other-destinations-omitted
secret-syncs/aws-parameter-store/sync-secrets.mdx,POST,/api/v1/secret-syncs/aws-parameter-store/{syncId}/sync-secrets,intentionally_omitted,secretSyncs,secretSyncs.otherDestinations.admin,secret-syncs-other-destinations-omitted
secret-syncs/aws-parameter-store/update.mdx,PATCH,/api/v1/secret-syncs/aws-parameter-store/{syncId},intentionally_omitted,secretSyncs,secretSyncs.otherDestinations.admin,secret-syncs-other-destinations-omitted
secret-syncs/aws-secrets-manager/create.mdx,POST,/api/v1/secret-syncs/aws-secrets-manager,intentionally_omitted,secretSyncs,secretSyncs.otherDestinations.admin,secret-syncs-other-destinations-omitted
secret-syncs/aws-secrets-manager/delete.mdx,DELETE,/api/v1/secret-syncs/aws-secrets-manager/{syncId},intentionally_omitted,secretSyncs,secretSyncs.otherDestinations.admin,secret-syncs-other-destinations-omitted
secret-syncs/aws-secrets-manager/get-by-id.mdx,GET,/api/v1/secret-syncs/aws-secrets-manager/{syncId},superseded,secretSyncs,secretSyncs.read,secret-syncs-destination-id-read-superseded
secret-syncs/aws-secrets-manager/get-by-name.mdx,GET,/api/v1/secret-syncs/aws-secrets-manager/sync-name/{syncName},superseded,secretSyncs,secretSyncs.read,secret-syncs-destination-name-read-superseded
secret-syncs/aws-secrets-manager/import-secrets.mdx,POST,/api/v1/secret-syncs/aws-secrets-manager/{syncId}/import-secrets,intentionally_omitted,secretSyncs,secretSyncs.otherDestinations.admin,secret-syncs-other-destinations-omitted
secret-syncs/aws-secrets-manager/list.mdx,GET,/api/v1/secret-syncs/aws-secrets-manager,superseded,secretSyncs,secretSyncs.read,secret-syncs-destination-list-superseded
secret-syncs/aws-secrets-manager/remove-secrets.mdx,POST,/api/v1/secret-syncs/aws-secrets-manager/{syncId}/remove-secrets,intentionally_omitted,secretSyncs,secretSyncs.otherDestinations.admin,secret-syncs-other-destinations-omitted
secret-syncs/aws-secrets-manager/sync-secrets.mdx,POST,/api/v1/secret-syncs/aws-secrets-manager/{syncId}/sync-secrets,intentionally_omitted,secretSyncs,secretSyncs.otherDestinations.admin,secret-syncs-other-destinations-omitted
secret-syncs/aws-secrets-manager/update.mdx,PATCH,/api/v1/secret-syncs/aws-secrets-manager/{syncId},intentionally_omitted,secretSyncs,secretSyncs.otherDestinations.admin,secret-syncs-other-destinations-omitted
secret-syncs/azure-app-configuration/create.mdx,POST,/api/v1/secret-syncs/azure-app-configuration,intentionally_omitted,secretSyncs,secretSyncs.otherDestinations.admin,secret-syncs-other-destinations-omitted
secret-syncs/azure-app-configuration/delete.mdx,DELETE,/api/v1/secret-syncs/azure-app-configuration/{syncId},intentionally_omitted,secretSyncs,secretSyncs.otherDestinations.admin,secret-syncs-other-destinations-omitted
secret-syncs/azure-app-configuration/get-by-id.mdx,GET,/api/v1/secret-syncs/azure-app-configuration/{syncId},superseded,secretSyncs,secretSyncs.read,secret-syncs-destination-id-read-superseded
secret-syncs/azure-app-configuration/get-by-name.mdx,GET,/api/v1/secret-syncs/azure-app-configuration/sync-name/{syncName},superseded,secretSyncs,secretSyncs.read,secret-syncs-destination-name-read-superseded
secret-syncs/azure-app-configuration/import-secrets.mdx,POST,/api/v1/secret-syncs/azure-app-configuration/{syncId}/import-secrets,intentionally_omitted,secretSyncs,secretSyncs.otherDestinations.admin,secret-syncs-other-destinations-omitted
secret-syncs/azure-app-configuration/list.mdx,GET,/api/v1/secret-syncs/azure-app-configuration,superseded,secretSyncs,secretSyncs.read,secret-syncs-destination-list-superseded
secret-syncs/azure-app-configuration/remove-secrets.mdx,POST,/api/v1/secret-syncs/azure-app-configuration/{syncId}/remove-secrets,intentionally_omitted,secretSyncs,secretSyncs.otherDestinations.admin,secret-syncs-other-destinations-omitted
secret-syncs/azure-app-configuration/sync-secrets.mdx,POST,/api/v1/secret-syncs/azure-app-configuration/{syncId}/sync-secrets,intentionally_omitted,secretSyncs,secretSyncs.otherDestinations.admin,secret-syncs-other-destinations-omitted
secret-syncs/azure-app-configuration/update.mdx,PATCH,/api/v1/secret-syncs/azure-app-configuration/{syncId},intentionally_omitted,secretSyncs,secretSyncs.otherDestinations.admin,secret-syncs-other-destinations-omitted
secret-syncs/azure-devops/create.mdx,POST,/api/v1/secret-syncs/azure-devops,intentionally_omitted,secretSyncs,secretSyncs.otherDestinations.admin,secret-syncs-other-destinations-omitted
secret-syncs/azure-devops/delete.mdx,DELETE,/api/v1/secret-syncs/azure-devops/{syncId},intentionally_omitted,secretSyncs,secretSyncs.otherDestinations.admin,secret-syncs-other-destinations-omitted
secret-syncs/azure-devops/get-by-id.mdx,GET,/api/v1/secret-syncs/azure-devops/{syncId},superseded,secretSyncs,secretSyncs.read,secret-syncs-destination-id-read-superseded
secret-syncs/azure-devops/get-by-name.mdx,GET,/api/v1/secret-syncs/azure-devops/sync-name/{syncName},superseded,secretSyncs,secretSyncs.read,secret-syncs-destination-name-read-superseded
secret-syncs/azure-devops/import-secrets.mdx,POST,/api/v1/secret-syncs/azure-devops/{syncId}/import-secrets,intentionally_omitted,secretSyncs,secretSyncs.otherDestinations.admin,secret-syncs-other-destinations-omitted
secret-syncs/azure-devops/list.mdx,GET,/api/v1/secret-syncs/azure-devops,superseded,secretSyncs,secretSyncs.read,secret-syncs-destination-list-superseded
secret-syncs/azure-devops/remove-secrets.mdx,POST,/api/v1/secret-syncs/azure-devops/{syncId}/remove-secrets,intentionally_omitted,secretSyncs,secretSyncs.otherDestinations.admin,secret-syncs-other-destinations-omitted
secret-syncs/azure-devops/sync-secrets.mdx,POST,/api/v1/secret-syncs/azure-devops/{syncId}/sync-secrets,intentionally_omitted,secretSyncs,secretSyncs.otherDestinations.admin,secret-syncs-other-destinations-omitted
secret-syncs/azure-devops/update.mdx,PATCH,/api/v1/secret-syncs/azure-devops/{syncId},intentionally_omitted,secretSyncs,secretSyncs.otherDestinations.admin,secret-syncs-other-destinations-omitted
secret-syncs/azure-entra-id-scim/create.mdx,POST,/api/v1/secret-syncs/azure-entra-id-scim,intentionally_omitted,secretSyncs,secretSyncs.otherDestinations.admin,secret-syncs-other-destinations-omitted
secret-syncs/azure-entra-id-scim/delete.mdx,DELETE,/api/v1/secret-syncs/azure-entra-id-scim/{syncId},intentionally_omitted,secretSyncs,secretSyncs.otherDestinations.admin,secret-syncs-other-destinations-omitted
secret-syncs/azure-entra-id-scim/get-by-id.mdx,GET,/api/v1/secret-syncs/azure-entra-id-scim/{syncId},superseded,secretSyncs,secretSyncs.read,secret-syncs-destination-id-read-superseded
secret-syncs/azure-entra-id-scim/get-by-name.mdx,GET,/api/v1/secret-syncs/azure-entra-id-scim/sync-name/{syncName},superseded,secretSyncs,secretSyncs.read,secret-syncs-destination-name-read-superseded
secret-syncs/azure-entra-id-scim/list.mdx,GET,/api/v1/secret-syncs/azure-entra-id-scim,superseded,secretSyncs,secretSyncs.read,secret-syncs-destination-list-superseded
secret-syncs/azure-entra-id-scim/sync-secrets.mdx,POST,/api/v1/secret-syncs/azure-entra-id-scim/{syncId}/sync-secrets,intentionally_omitted,secretSyncs,secretSyncs.otherDestinations.admin,secret-syncs-other-destinations-omitted
secret-syncs/azure-entra-id-scim/update.mdx,PATCH,/api/v1/secret-syncs/azure-entra-id-scim/{syncId},intentionally_omitted,secretSyncs,secretSyncs.otherDestinations.admin,secret-syncs-other-destinations-omitted
secret-syncs/azure-key-vault/create.mdx,POST,/api/v1/secret-syncs/azure-key-vault,intentionally_omitted,secretSyncs,secretSyncs.otherDestinations.admin,secret-syncs-other-destinations-omitted
secret-syncs/azure-key-vault/delete.mdx,DELETE,/api/v1/secret-syncs/azure-key-vault/{syncId},intentionally_omitted,secretSyncs,secretSyncs.otherDestinations.admin,secret-syncs-other-destinations-omitted
secret-syncs/azure-key-vault/get-by-id.mdx,GET,/api/v1/secret-syncs/azure-key-vault/{syncId},superseded,secretSyncs,secretSyncs.read,secret-syncs-destination-id-read-superseded
secret-syncs/azure-key-vault/get-by-name.mdx,GET,/api/v1/secret-syncs/azure-key-vault/sync-name/{syncName},superseded,secretSyncs,secretSyncs.read,secret-syncs-destination-name-read-superseded
secret-syncs/azure-key-vault/import-secrets.mdx,POST,/api/v1/secret-syncs/azure-key-vault/{syncId}/import-secrets,intentionally_omitted,secretSyncs,secretSyncs.otherDestinations.admin,secret-syncs-other-destinations-omitted
secret-syncs/azure-key-vault/list.mdx,GET,/api/v1/secret-syncs/azure-key-vault,superseded,secretSyncs,secretSyncs.read,secret-syncs-destination-list-superseded
secret-syncs/azure-key-vault/remove-secrets.mdx,POST,/api/v1/secret-syncs/azure-key-vault/{syncId}/remove-secrets,intentionally_omitted,secretSyncs,secretSyncs.otherDestinations.admin,secret-syncs-other-destinations-omitted
secret-syncs/azure-key-vault/sync-secrets.mdx,POST,/api/v1/secret-syncs/azure-key-vault/{syncId}/sync-secrets,intentionally_omitted,secretSyncs,secretSyncs.otherDestinations.admin,secret-syncs-other-destinations-omitted
secret-syncs/azure-key-vault/update.mdx,PATCH,/api/v1/secret-syncs/azure-key-vault/{syncId},intentionally_omitted,secretSyncs,secretSyncs.otherDestinations.admin,secret-syncs-other-destinations-omitted
secret-syncs/bitbucket/create.mdx,POST,/api/v1/secret-syncs/bitbucket,intentionally_omitted,secretSyncs,secretSyncs.otherDestinations.admin,secret-syncs-other-destinations-omitted
secret-syncs/bitbucket/delete.mdx,DELETE,/api/v1/secret-syncs/bitbucket/{syncId},intentionally_omitted,secretSyncs,secretSyncs.otherDestinations.admin,secret-syncs-other-destinations-omitted
secret-syncs/bitbucket/get-by-id.mdx,GET,/api/v1/secret-syncs/bitbucket/{syncId},superseded,secretSyncs,secretSyncs.read,secret-syncs-destination-id-read-superseded
secret-syncs/bitbucket/get-by-name.mdx,GET,/api/v1/secret-syncs/bitbucket/sync-name/{syncName},superseded,secretSyncs,secretSyncs.read,secret-syncs-destination-name-read-superseded
secret-syncs/bitbucket/import-secrets.mdx,POST,/api/v1/secret-syncs/bitbucket/{syncId}/import-secrets,intentionally_omitted,secretSyncs,secretSyncs.otherDestinations.admin,secret-syncs-other-destinations-omitted
secret-syncs/bitbucket/list.mdx,GET,/api/v1/secret-syncs/bitbucket,superseded,secretSyncs,secretSyncs.read,secret-syncs-destination-list-superseded
secret-syncs/bitbucket/remove-secrets.mdx,POST,/api/v1/secret-syncs/bitbucket/{syncId}/remove-secrets,intentionally_omitted,secretSyncs,secretSyncs.otherDestinations.admin,secret-syncs-other-destinations-omitted
secret-syncs/bitbucket/sync-secrets.mdx,POST,/api/v1/secret-syncs/bitbucket/{syncId}/sync-secrets,intentionally_omitted,secretSyncs,secretSyncs.otherDestinations.admin,secret-syncs-other-destinations-omitted
secret-syncs/bitbucket/update.mdx,PATCH,/api/v1/secret-syncs/bitbucket/{syncId},intentionally_omitted,secretSyncs,secretSyncs.otherDestinations.admin,secret-syncs-other-destinations-omitted
secret-syncs/camunda/create.mdx,POST,/api/v1/secret-syncs/camunda,intentionally_omitted,secretSyncs,secretSyncs.otherDestinations.admin,secret-syncs-other-destinations-omitted
secret-syncs/camunda/delete.mdx,DELETE,/api/v1/secret-syncs/camunda/{syncId},intentionally_omitted,secretSyncs,secretSyncs.otherDestinations.admin,secret-syncs-other-destinations-omitted
secret-syncs/camunda/get-by-id.mdx,GET,/api/v1/secret-syncs/camunda/{syncId},superseded,secretSyncs,secretSyncs.read,secret-syncs-destination-id-read-superseded
secret-syncs/camunda/get-by-name.mdx,GET,/api/v1/secret-syncs/camunda/sync-name/{syncName},superseded,secretSyncs,secretSyncs.read,secret-syncs-destination-name-read-superseded
secret-syncs/camunda/list.mdx,GET,/api/v1/secret-syncs/camunda,superseded,secretSyncs,secretSyncs.read,secret-syncs-destination-list-superseded
secret-syncs/camunda/remove-secrets.mdx,POST,/api/v1/secret-syncs/camunda/{syncId}/remove-secrets,intentionally_omitted,secretSyncs,secretSyncs.otherDestinations.admin,secret-syncs-other-destinations-omitted
secret-syncs/camunda/sync-secrets.mdx,POST,/api/v1/secret-syncs/camunda/{syncId}/sync-secrets,intentionally_omitted,secretSyncs,secretSyncs.otherDestinations.admin,secret-syncs-other-destinations-omitted
secret-syncs/camunda/update.mdx,PATCH,/api/v1/secret-syncs/camunda/{syncId},intentionally_omitted,secretSyncs,secretSyncs.otherDestinations.admin,secret-syncs-other-destinations-omitted
secret-syncs/checkly/create.mdx,POST,/api/v1/secret-syncs/checkly,intentionally_omitted,secretSyncs,secretSyncs.otherDestinations.admin,secret-syncs-other-destinations-omitted
secret-syncs/checkly/delete.mdx,DELETE,/api/v1/secret-syncs/checkly/{syncId},intentionally_omitted,secretSyncs,secretSyncs.otherDestinations.admin,secret-syncs-other-destinations-omitted
secret-syncs/checkly/get-by-id.mdx,GET,/api/v1/secret-syncs/checkly/{syncId},superseded,secretSyncs,secretSyncs.read,secret-syncs-destination-id-read-superseded
secret-syncs/checkly/get-by-name.mdx,GET,/api/v1/secret-syncs/checkly/sync-name/{syncName},superseded,secretSyncs,secretSyncs.read,secret-syncs-destination-name-read-superseded
secret-syncs/checkly/list.mdx,GET,/api/v1/secret-syncs/checkly,superseded,secretSyncs,secretSyncs.read,secret-syncs-destination-list-superseded
secret-syncs/checkly/remove-secrets.mdx,POST,/api/v1/secret-syncs/checkly/{syncId}/remove-secrets,intentionally_omitted,secretSyncs,secretSyncs.otherDestinations.admin,secret-syncs-other-destinations-omitted
secret-syncs/checkly/sync-secrets.mdx,POST,/api/v1/secret-syncs/checkly/{syncId}/sync-secrets,intentionally_omitted,secretSyncs,secretSyncs.otherDestinations.admin,secret-syncs-other-destinations-omitted
secret-syncs/checkly/update.mdx,PATCH,/api/v1/secret-syncs/checkly/{syncId},intentionally_omitted,secretSyncs,secretSyncs.otherDestinations.admin,secret-syncs-other-destinations-omitted
secret-syncs/chef/create.mdx,POST,/api/v1/secret-syncs/chef,intentionally_omitted,secretSyncs,secretSyncs.otherDestinations.admin,secret-syncs-other-destinations-omitted
secret-syncs/chef/delete.mdx,DELETE,/api/v1/secret-syncs/chef/{syncId},intentionally_omitted,secretSyncs,secretSyncs.otherDestinations.admin,secret-syncs-other-destinations-omitted
secret-syncs/chef/get-by-id.mdx,GET,/api/v1/secret-syncs/chef/{syncId},superseded,secretSyncs,secretSyncs.read,secret-syncs-destination-id-read-superseded
secret-syncs/chef/get-by-name.mdx,GET,/api/v1/secret-syncs/chef/sync-name/{syncName},superseded,secretSyncs,secretSyncs.read,secret-syncs-destination-name-read-superseded
secret-syncs/chef/import-secrets.mdx,POST,/api/v1/secret-syncs/chef/{syncId}/import-secrets,intentionally_omitted,secretSyncs,secretSyncs.otherDestinations.admin,secret-syncs-other-destinations-omitted
secret-syncs/chef/list.mdx,GET,/api/v1/secret-syncs/chef,superseded,secretSyncs,secretSyncs.read,secret-syncs-destination-list-superseded
secret-syncs/chef/remove-secrets.mdx,POST,/api/v1/secret-syncs/chef/{syncId}/remove-secrets,intentionally_omitted,secretSyncs,secretSyncs.otherDestinations.admin,secret-syncs-other-destinations-omitted
secret-syncs/chef/sync-secrets.mdx,POST,/api/v1/secret-syncs/chef/{syncId}/sync-secrets,intentionally_omitted,secretSyncs,secretSyncs.otherDestinations.admin,secret-syncs-other-destinations-omitted
secret-syncs/chef/update.mdx,PATCH,/api/v1/secret-syncs/chef/{syncId},intentionally_omitted,secretSyncs,secretSyncs.otherDestinations.admin,secret-syncs-other-destinations-omitted
secret-syncs/circleci/create.mdx,POST,/api/v1/secret-syncs/circleci,intentionally_omitted,secretSyncs,secretSyncs.otherDestinations.admin,secret-syncs-other-destinations-omitted
secret-syncs/circleci/delete.mdx,DELETE,/api/v1/secret-syncs/circleci/{syncId},intentionally_omitted,secretSyncs,secretSyncs.otherDestinations.admin,secret-syncs-other-destinations-omitted
secret-syncs/circleci/get-by-id.mdx,GET,/api/v1/secret-syncs/circleci/{syncId},superseded,secretSyncs,secretSyncs.read,secret-syncs-destination-id-read-superseded
secret-syncs/circleci/get-by-name.mdx,GET,/api/v1/secret-syncs/circleci/sync-name/{syncName},superseded,secretSyncs,secretSyncs.read,secret-syncs-destination-name-read-superseded
secret-syncs/circleci/list.mdx,GET,/api/v1/secret-syncs/circleci,superseded,secretSyncs,secretSyncs.read,secret-syncs-destination-list-superseded
secret-syncs/circleci/remove-secrets.mdx,POST,/api/v1/secret-syncs/circleci/{syncId}/remove-secrets,intentionally_omitted,secretSyncs,secretSyncs.otherDestinations.admin,secret-syncs-other-destinations-omitted
secret-syncs/circleci/sync-secrets.mdx,POST,/api/v1/secret-syncs/circleci/{syncId}/sync-secrets,intentionally_omitted,secretSyncs,secretSyncs.otherDestinations.admin,secret-syncs-other-destinations-omitted
secret-syncs/circleci/update.mdx,PATCH,/api/v1/secret-syncs/circleci/{syncId},intentionally_omitted,secretSyncs,secretSyncs.otherDestinations.admin,secret-syncs-other-destinations-omitted
secret-syncs/cloudflare-pages/create.mdx,POST,/api/v1/secret-syncs/cloudflare-pages,intentionally_omitted,secretSyncs,secretSyncs.otherDestinations.admin,secret-syncs-other-destinations-omitted
secret-syncs/cloudflare-pages/delete.mdx,DELETE,/api/v1/secret-syncs/cloudflare-pages/{syncId},intentionally_omitted,secretSyncs,secretSyncs.otherDestinations.admin,secret-syncs-other-destinations-omitted
secret-syncs/cloudflare-pages/get-by-id.mdx,GET,/api/v1/secret-syncs/cloudflare-pages/{syncId},superseded,secretSyncs,secretSyncs.read,secret-syncs-destination-id-read-superseded
secret-syncs/cloudflare-pages/get-by-name.mdx,GET,/api/v1/secret-syncs/cloudflare-pages/sync-name/{syncName},superseded,secretSyncs,secretSyncs.read,secret-syncs-destination-name-read-superseded
secret-syncs/cloudflare-pages/list.mdx,GET,/api/v1/secret-syncs/cloudflare-pages,superseded,secretSyncs,secretSyncs.read,secret-syncs-destination-list-superseded
secret-syncs/cloudflare-pages/remove-secrets.mdx,POST,/api/v1/secret-syncs/cloudflare-pages/{syncId}/remove-secrets,intentionally_omitted,secretSyncs,secretSyncs.otherDestinations.admin,secret-syncs-other-destinations-omitted
secret-syncs/cloudflare-pages/sync-secrets.mdx,POST,/api/v1/secret-syncs/cloudflare-pages/{syncId}/sync-secrets,intentionally_omitted,secretSyncs,secretSyncs.otherDestinations.admin,secret-syncs-other-destinations-omitted
secret-syncs/cloudflare-pages/update.mdx,PATCH,/api/v1/secret-syncs/cloudflare-pages/{syncId},intentionally_omitted,secretSyncs,secretSyncs.otherDestinations.admin,secret-syncs-other-destinations-omitted
secret-syncs/cloudflare-workers/create.mdx,POST,/api/v1/secret-syncs/cloudflare-workers,intentionally_omitted,secretSyncs,secretSyncs.otherDestinations.admin,secret-syncs-other-destinations-omitted
secret-syncs/cloudflare-workers/delete.mdx,DELETE,/api/v1/secret-syncs/cloudflare-workers/{syncId},intentionally_omitted,secretSyncs,secretSyncs.otherDestinations.admin,secret-syncs-other-destinations-omitted
secret-syncs/cloudflare-workers/get-by-id.mdx,GET,/api/v1/secret-syncs/cloudflare-workers/{syncId},superseded,secretSyncs,secretSyncs.read,secret-syncs-destination-id-read-superseded
secret-syncs/cloudflare-workers/get-by-name.mdx,GET,/api/v1/secret-syncs/cloudflare-workers/sync-name/{syncName},superseded,secretSyncs,secretSyncs.read,secret-syncs-destination-name-read-superseded
secret-syncs/cloudflare-workers/list.mdx,GET,/api/v1/secret-syncs/cloudflare-workers,superseded,secretSyncs,secretSyncs.read,secret-syncs-destination-list-superseded
secret-syncs/cloudflare-workers/remove-secrets.mdx,POST,/api/v1/secret-syncs/cloudflare-workers/{syncId}/remove-secrets,intentionally_omitted,secretSyncs,secretSyncs.otherDestinations.admin,secret-syncs-other-destinations-omitted
secret-syncs/cloudflare-workers/sync-secrets.mdx,POST,/api/v1/secret-syncs/cloudflare-workers/{syncId}/sync-secrets,intentionally_omitted,secretSyncs,secretSyncs.otherDestinations.admin,secret-syncs-other-destinations-omitted
secret-syncs/cloudflare-workers/update.mdx,PATCH,/api/v1/secret-syncs/cloudflare-workers/{syncId},intentionally_omitted,secretSyncs,secretSyncs.otherDestinations.admin,secret-syncs-other-destinations-omitted
secret-syncs/databricks/create.mdx,POST,/api/v1/secret-syncs/databricks,intentionally_omitted,secretSyncs,secretSyncs.otherDestinations.admin,secret-syncs-other-destinations-omitted
secret-syncs/databricks/delete.mdx,DELETE,/api/v1/secret-syncs/databricks/{syncId},intentionally_omitted,secretSyncs,secretSyncs.otherDestinations.admin,secret-syncs-other-destinations-omitted
secret-syncs/databricks/get-by-id.mdx,GET,/api/v1/secret-syncs/databricks/{syncId},superseded,secretSyncs,secretSyncs.read,secret-syncs-destination-id-read-superseded
secret-syncs/databricks/get-by-name.mdx,GET,/api/v1/secret-syncs/databricks/sync-name/{syncName},superseded,secretSyncs,secretSyncs.read,secret-syncs-destination-name-read-superseded
secret-syncs/databricks/list.mdx,GET,/api/v1/secret-syncs/databricks,superseded,secretSyncs,secretSyncs.read,secret-syncs-destination-list-superseded
secret-syncs/databricks/remove-secrets.mdx,POST,/api/v1/secret-syncs/databricks/{syncId}/remove-secrets,intentionally_omitted,secretSyncs,secretSyncs.otherDestinations.admin,secret-syncs-other-destinations-omitted
secret-syncs/databricks/sync-secrets.mdx,POST,/api/v1/secret-syncs/databricks/{syncId}/sync-secrets,intentionally_omitted,secretSyncs,secretSyncs.otherDestinations.admin,secret-syncs-other-destinations-omitted
secret-syncs/databricks/update.mdx,PATCH,/api/v1/secret-syncs/databricks/{syncId},intentionally_omitted,secretSyncs,secretSyncs.otherDestinations.admin,secret-syncs-other-destinations-omitted
secret-syncs/devin/create.mdx,POST,/api/v1/secret-syncs/devin,intentionally_omitted,secretSyncs,secretSyncs.otherDestinations.admin,secret-syncs-other-destinations-omitted
secret-syncs/devin/delete.mdx,DELETE,/api/v1/secret-syncs/devin/{syncId},intentionally_omitted,secretSyncs,secretSyncs.otherDestinations.admin,secret-syncs-other-destinations-omitted
secret-syncs/devin/get-by-id.mdx,GET,/api/v1/secret-syncs/devin/{syncId},superseded,secretSyncs,secretSyncs.read,secret-syncs-destination-id-read-superseded
secret-syncs/devin/get-by-name.mdx,GET,/api/v1/secret-syncs/devin/sync-name/{syncName},superseded,secretSyncs,secretSyncs.read,secret-syncs-destination-name-read-superseded
secret-syncs/devin/list.mdx,GET,/api/v1/secret-syncs/devin,superseded,secretSyncs,secretSyncs.read,secret-syncs-destination-list-superseded
secret-syncs/devin/remove-secrets.mdx,POST,/api/v1/secret-syncs/devin/{syncId}/remove-secrets,intentionally_omitted,secretSyncs,secretSyncs.otherDestinations.admin,secret-syncs-other-destinations-omitted
secret-syncs/devin/sync-secrets.mdx,POST,/api/v1/secret-syncs/devin/{syncId}/sync-secrets,intentionally_omitted,secretSyncs,secretSyncs.otherDestinations.admin,secret-syncs-other-destinations-omitted
secret-syncs/devin/update.mdx,PATCH,/api/v1/secret-syncs/devin/{syncId},intentionally_omitted,secretSyncs,secretSyncs.otherDestinations.admin,secret-syncs-other-destinations-omitted
secret-syncs/digital-ocean-app-platform/create.mdx,POST,/api/v1/secret-syncs/digital-ocean-app-platform,intentionally_omitted,secretSyncs,secretSyncs.otherDestinations.admin,secret-syncs-other-destinations-omitted
secret-syncs/digital-ocean-app-platform/delete.mdx,DELETE,/api/v1/secret-syncs/digital-ocean-app-platform/{syncId},intentionally_omitted,secretSyncs,secretSyncs.otherDestinations.admin,secret-syncs-other-destinations-omitted
secret-syncs/digital-ocean-app-platform/get-by-id.mdx,GET,/api/v1/secret-syncs/digital-ocean-app-platform/{syncId},superseded,secretSyncs,secretSyncs.read,secret-syncs-destination-id-read-superseded
secret-syncs/digital-ocean-app-platform/get-by-name.mdx,GET,/api/v1/secret-syncs/digital-ocean-app-platform/sync-name/{syncName},superseded,secretSyncs,secretSyncs.read,secret-syncs-destination-name-read-superseded
secret-syncs/digital-ocean-app-platform/list.mdx,GET,/api/v1/secret-syncs/digital-ocean-app-platform,superseded,secretSyncs,secretSyncs.read,secret-syncs-destination-list-superseded
secret-syncs/digital-ocean-app-platform/remove-secrets.mdx,POST,/api/v1/secret-syncs/digital-ocean-app-platform/{syncId}/remove-secrets,intentionally_omitted,secretSyncs,secretSyncs.otherDestinations.admin,secret-syncs-other-destinations-omitted
secret-syncs/digital-ocean-app-platform/sync-secrets.mdx,POST,/api/v1/secret-syncs/digital-ocean-app-platform/{syncId}/sync-secrets,intentionally_omitted,secretSyncs,secretSyncs.otherDestinations.admin,secret-syncs-other-destinations-omitted
secret-syncs/digital-ocean-app-platform/update.mdx,PATCH,/api/v1/secret-syncs/digital-ocean-app-platform/{syncId},intentionally_omitted,secretSyncs,secretSyncs.otherDestinations.admin,secret-syncs-other-destinations-omitted
secret-syncs/external-infisical/create.mdx,POST,/api/v1/secret-syncs/external-infisical,intentionally_omitted,secretSyncs,secretSyncs.otherDestinations.admin,secret-syncs-other-destinations-omitted
secret-syncs/external-infisical/delete.mdx,DELETE,/api/v1/secret-syncs/external-infisical/{syncId},intentionally_omitted,secretSyncs,secretSyncs.otherDestinations.admin,secret-syncs-other-destinations-omitted
secret-syncs/external-infisical/get-by-id.mdx,GET,/api/v1/secret-syncs/external-infisical/{syncId},superseded,secretSyncs,secretSyncs.read,secret-syncs-destination-id-read-superseded
secret-syncs/external-infisical/get-by-name.mdx,GET,/api/v1/secret-syncs/external-infisical/sync-name/{syncName},superseded,secretSyncs,secretSyncs.read,secret-syncs-destination-name-read-superseded
secret-syncs/external-infisical/import-secrets.mdx,POST,/api/v1/secret-syncs/external-infisical/{syncId}/import-secrets,intentionally_omitted,secretSyncs,secretSyncs.otherDestinations.admin,secret-syncs-other-destinations-omitted
secret-syncs/external-infisical/list.mdx,GET,/api/v1/secret-syncs/external-infisical,superseded,secretSyncs,secretSyncs.read,secret-syncs-destination-list-superseded
secret-syncs/external-infisical/remove-secrets.mdx,POST,/api/v1/secret-syncs/external-infisical/{syncId}/remove-secrets,intentionally_omitted,secretSyncs,secretSyncs.otherDestinations.admin,secret-syncs-other-destinations-omitted
secret-syncs/external-infisical/sync-secrets.mdx,POST,/api/v1/secret-syncs/external-infisical/{syncId}/sync-secrets,intentionally_omitted,secretSyncs,secretSyncs.otherDestinations.admin,secret-syncs-other-destinations-omitted
secret-syncs/external-infisical/update.mdx,PATCH,/api/v1/secret-syncs/external-infisical/{syncId},intentionally_omitted,secretSyncs,secretSyncs.otherDestinations.admin,secret-syncs-other-destinations-omitted
secret-syncs/flyio/create.mdx,POST,/api/v1/secret-syncs/flyio,intentionally_omitted,secretSyncs,secretSyncs.otherDestinations.admin,secret-syncs-other-destinations-omitted
secret-syncs/flyio/delete.mdx,DELETE,/api/v1/secret-syncs/flyio/{syncId},intentionally_omitted,secretSyncs,secretSyncs.otherDestinations.admin,secret-syncs-other-destinations-omitted
secret-syncs/flyio/get-by-id.mdx,GET,/api/v1/secret-syncs/flyio/{syncId},superseded,secretSyncs,secretSyncs.read,secret-syncs-destination-id-read-superseded
secret-syncs/flyio/get-by-name.mdx,GET,/api/v1/secret-syncs/flyio/sync-name/{syncName},superseded,secretSyncs,secretSyncs.read,secret-syncs-destination-name-read-superseded
secret-syncs/flyio/import-secrets.mdx,POST,/api/v1/secret-syncs/flyio/{syncId}/import-secrets,intentionally_omitted,secretSyncs,secretSyncs.otherDestinations.admin,secret-syncs-other-destinations-omitted
secret-syncs/flyio/list.mdx,GET,/api/v1/secret-syncs/flyio,superseded,secretSyncs,secretSyncs.read,secret-syncs-destination-list-superseded
secret-syncs/flyio/remove-secrets.mdx,POST,/api/v1/secret-syncs/flyio/{syncId}/remove-secrets,intentionally_omitted,secretSyncs,secretSyncs.otherDestinations.admin,secret-syncs-other-destinations-omitted
secret-syncs/flyio/sync-secrets.mdx,POST,/api/v1/secret-syncs/flyio/{syncId}/sync-secrets,intentionally_omitted,secretSyncs,secretSyncs.otherDestinations.admin,secret-syncs-other-destinations-omitted
secret-syncs/flyio/update.mdx,PATCH,/api/v1/secret-syncs/flyio/{syncId},intentionally_omitted,secretSyncs,secretSyncs.otherDestinations.admin,secret-syncs-other-destinations-omitted
secret-syncs/gcp-secret-manager/create.mdx,POST,/api/v1/secret-syncs/gcp-secret-manager,intentionally_omitted,secretSyncs,secretSyncs.otherDestinations.admin,secret-syncs-other-destinations-omitted
secret-syncs/gcp-secret-manager/delete.mdx,DELETE,/api/v1/secret-syncs/gcp-secret-manager/{syncId},intentionally_omitted,secretSyncs,secretSyncs.otherDestinations.admin,secret-syncs-other-destinations-omitted
secret-syncs/gcp-secret-manager/get-by-id.mdx,GET,/api/v1/secret-syncs/gcp-secret-manager/{syncId},superseded,secretSyncs,secretSyncs.read,secret-syncs-destination-id-read-superseded
secret-syncs/gcp-secret-manager/get-by-name.mdx,GET,/api/v1/secret-syncs/gcp-secret-manager/sync-name/{syncName},superseded,secretSyncs,secretSyncs.read,secret-syncs-destination-name-read-superseded
secret-syncs/gcp-secret-manager/import-secrets.mdx,POST,/api/v1/secret-syncs/gcp-secret-manager/{syncId}/import-secrets,intentionally_omitted,secretSyncs,secretSyncs.otherDestinations.admin,secret-syncs-other-destinations-omitted
secret-syncs/gcp-secret-manager/list.mdx,GET,/api/v1/secret-syncs/gcp-secret-manager,superseded,secretSyncs,secretSyncs.read,secret-syncs-destination-list-superseded
secret-syncs/gcp-secret-manager/remove-secrets.mdx,POST,/api/v1/secret-syncs/gcp-secret-manager/{syncId}/remove-secrets,intentionally_omitted,secretSyncs,secretSyncs.otherDestinations.admin,secret-syncs-other-destinations-omitted
secret-syncs/gcp-secret-manager/sync-secrets.mdx,POST,/api/v1/secret-syncs/gcp-secret-manager/{syncId}/sync-secrets,intentionally_omitted,secretSyncs,secretSyncs.otherDestinations.admin,secret-syncs-other-destinations-omitted
secret-syncs/gcp-secret-manager/update.mdx,PATCH,/api/v1/secret-syncs/gcp-secret-manager/{syncId},intentionally_omitted,secretSyncs,secretSyncs.otherDestinations.admin,secret-syncs-other-destinations-omitted
secret-syncs/github/create.mdx,POST,/api/v1/secret-syncs/github,implemented,secretSyncs.github,secretSyncs.github.admin,secret-syncs-github-implemented--implemented-secretsyncs-github-admin
secret-syncs/github/delete.mdx,DELETE,/api/v1/secret-syncs/github/{syncId},implemented,secretSyncs.github,secretSyncs.github.admin,secret-syncs-github-implemented--implemented-secretsyncs-github-admin
secret-syncs/github/get-by-id.mdx,GET,/api/v1/secret-syncs/github/{syncId},implemented,secretSyncs.github,secretSyncs.github.admin,secret-syncs-github-id-read-implemented
secret-syncs/github/get-by-name.mdx,GET,/api/v1/secret-syncs/github/sync-name/{syncName},superseded,secretSyncs,secretSyncs.read,secret-syncs-destination-name-read-superseded
secret-syncs/github/list.mdx,GET,/api/v1/secret-syncs/github,superseded,secretSyncs,secretSyncs.read,secret-syncs-destination-list-superseded
secret-syncs/github/remove-secrets.mdx,POST,/api/v1/secret-syncs/github/{syncId}/remove-secrets,implemented,secretSyncs.github,secretSyncs.github.admin,secret-syncs-github-implemented--implemented-secretsyncs-github-admin
secret-syncs/github/sync-secrets.mdx,POST,/api/v1/secret-syncs/github/{syncId}/sync-secrets,implemented,secretSyncs.github,secretSyncs.github.run,secret-syncs-github-implemented--implemented-secretsyncs-github-run
secret-syncs/github/update.mdx,PATCH,/api/v1/secret-syncs/github/{syncId},implemented,secretSyncs.github,secretSyncs.github.admin,secret-syncs-github-implemented--implemented-secretsyncs-github-admin
secret-syncs/gitlab/create.mdx,POST,/api/v1/secret-syncs/gitlab,intentionally_omitted,secretSyncs,secretSyncs.otherDestinations.admin,secret-syncs-other-destinations-omitted
secret-syncs/gitlab/delete.mdx,DELETE,/api/v1/secret-syncs/gitlab/{syncId},intentionally_omitted,secretSyncs,secretSyncs.otherDestinations.admin,secret-syncs-other-destinations-omitted
secret-syncs/gitlab/get-by-id.mdx,GET,/api/v1/secret-syncs/gitlab/{syncId},superseded,secretSyncs,secretSyncs.read,secret-syncs-destination-id-read-superseded
secret-syncs/gitlab/get-by-name.mdx,GET,/api/v1/secret-syncs/gitlab/sync-name/{syncName},superseded,secretSyncs,secretSyncs.read,secret-syncs-destination-name-read-superseded
secret-syncs/gitlab/list.mdx,GET,/api/v1/secret-syncs/gitlab,superseded,secretSyncs,secretSyncs.read,secret-syncs-destination-list-superseded
secret-syncs/gitlab/remove-secrets.mdx,POST,/api/v1/secret-syncs/gitlab/{syncId}/remove-secrets,intentionally_omitted,secretSyncs,secretSyncs.otherDestinations.admin,secret-syncs-other-destinations-omitted
secret-syncs/gitlab/sync-secrets.mdx,POST,/api/v1/secret-syncs/gitlab/{syncId}/sync-secrets,intentionally_omitted,secretSyncs,secretSyncs.otherDestinations.admin,secret-syncs-other-destinations-omitted
secret-syncs/gitlab/update.mdx,PATCH,/api/v1/secret-syncs/gitlab/{syncId},intentionally_omitted,secretSyncs,secretSyncs.otherDestinations.admin,secret-syncs-other-destinations-omitted
secret-syncs/hashicorp-vault/create.mdx,POST,/api/v1/secret-syncs/hashicorp-vault,intentionally_omitted,secretSyncs,secretSyncs.otherDestinations.admin,secret-syncs-other-destinations-omitted
secret-syncs/hashicorp-vault/delete.mdx,DELETE,/api/v1/secret-syncs/hashicorp-vault/{syncId},intentionally_omitted,secretSyncs,secretSyncs.otherDestinations.admin,secret-syncs-other-destinations-omitted
secret-syncs/hashicorp-vault/get-by-id.mdx,GET,/api/v1/secret-syncs/hashicorp-vault/{syncId},superseded,secretSyncs,secretSyncs.read,secret-syncs-destination-id-read-superseded
secret-syncs/hashicorp-vault/get-by-name.mdx,GET,/api/v1/secret-syncs/hashicorp-vault/sync-name/{syncName},superseded,secretSyncs,secretSyncs.read,secret-syncs-destination-name-read-superseded
secret-syncs/hashicorp-vault/import-secrets.mdx,POST,/api/v1/secret-syncs/hashicorp-vault/{syncId}/import-secrets,intentionally_omitted,secretSyncs,secretSyncs.otherDestinations.admin,secret-syncs-other-destinations-omitted
secret-syncs/hashicorp-vault/list.mdx,GET,/api/v1/secret-syncs/hashicorp-vault,superseded,secretSyncs,secretSyncs.read,secret-syncs-destination-list-superseded
secret-syncs/hashicorp-vault/remove-secrets.mdx,POST,/api/v1/secret-syncs/hashicorp-vault/{syncId}/remove-secrets,intentionally_omitted,secretSyncs,secretSyncs.otherDestinations.admin,secret-syncs-other-destinations-omitted
secret-syncs/hashicorp-vault/sync-secrets.mdx,POST,/api/v1/secret-syncs/hashicorp-vault/{syncId}/sync-secrets,intentionally_omitted,secretSyncs,secretSyncs.otherDestinations.admin,secret-syncs-other-destinations-omitted
secret-syncs/hashicorp-vault/update.mdx,PATCH,/api/v1/secret-syncs/hashicorp-vault/{syncId},intentionally_omitted,secretSyncs,secretSyncs.otherDestinations.admin,secret-syncs-other-destinations-omitted
secret-syncs/heroku/create.mdx,POST,/api/v1/secret-syncs/heroku,intentionally_omitted,secretSyncs,secretSyncs.otherDestinations.admin,secret-syncs-other-destinations-omitted
secret-syncs/heroku/delete.mdx,DELETE,/api/v1/secret-syncs/heroku/{syncId},intentionally_omitted,secretSyncs,secretSyncs.otherDestinations.admin,secret-syncs-other-destinations-omitted
secret-syncs/heroku/get-by-id.mdx,GET,/api/v1/secret-syncs/heroku/{syncId},superseded,secretSyncs,secretSyncs.read,secret-syncs-destination-id-read-superseded
secret-syncs/heroku/get-by-name.mdx,GET,/api/v1/secret-syncs/heroku/sync-name/{syncName},superseded,secretSyncs,secretSyncs.read,secret-syncs-destination-name-read-superseded
secret-syncs/heroku/import-secrets.mdx,POST,/api/v1/secret-syncs/heroku/{syncId}/import-secrets,intentionally_omitted,secretSyncs,secretSyncs.otherDestinations.admin,secret-syncs-other-destinations-omitted
secret-syncs/heroku/list.mdx,GET,/api/v1/secret-syncs/heroku,superseded,secretSyncs,secretSyncs.read,secret-syncs-destination-list-superseded
secret-syncs/heroku/remove-secrets.mdx,POST,/api/v1/secret-syncs/heroku/{syncId}/remove-secrets,intentionally_omitted,secretSyncs,secretSyncs.otherDestinations.admin,secret-syncs-other-destinations-omitted
secret-syncs/heroku/sync-secrets.mdx,POST,/api/v1/secret-syncs/heroku/{syncId}/sync-secrets,intentionally_omitted,secretSyncs,secretSyncs.otherDestinations.admin,secret-syncs-other-destinations-omitted
secret-syncs/heroku/update.mdx,PATCH,/api/v1/secret-syncs/heroku/{syncId},intentionally_omitted,secretSyncs,secretSyncs.otherDestinations.admin,secret-syncs-other-destinations-omitted
secret-syncs/humanitec/create.mdx,POST,/api/v1/secret-syncs/humanitec,intentionally_omitted,secretSyncs,secretSyncs.otherDestinations.admin,secret-syncs-other-destinations-omitted
secret-syncs/humanitec/delete.mdx,DELETE,/api/v1/secret-syncs/humanitec/{syncId},intentionally_omitted,secretSyncs,secretSyncs.otherDestinations.admin,secret-syncs-other-destinations-omitted
secret-syncs/humanitec/get-by-id.mdx,GET,/api/v1/secret-syncs/humanitec/{syncId},superseded,secretSyncs,secretSyncs.read,secret-syncs-destination-id-read-superseded
secret-syncs/humanitec/get-by-name.mdx,GET,/api/v1/secret-syncs/humanitec/sync-name/{syncName},superseded,secretSyncs,secretSyncs.read,secret-syncs-destination-name-read-superseded
secret-syncs/humanitec/list.mdx,GET,/api/v1/secret-syncs/humanitec,superseded,secretSyncs,secretSyncs.read,secret-syncs-destination-list-superseded
secret-syncs/humanitec/remove-secrets.mdx,POST,/api/v1/secret-syncs/humanitec/{syncId}/remove-secrets,intentionally_omitted,secretSyncs,secretSyncs.otherDestinations.admin,secret-syncs-other-destinations-omitted
secret-syncs/humanitec/sync-secrets.mdx,POST,/api/v1/secret-syncs/humanitec/{syncId}/sync-secrets,intentionally_omitted,secretSyncs,secretSyncs.otherDestinations.admin,secret-syncs-other-destinations-omitted
secret-syncs/humanitec/update.mdx,PATCH,/api/v1/secret-syncs/humanitec/{syncId},intentionally_omitted,secretSyncs,secretSyncs.otherDestinations.admin,secret-syncs-other-destinations-omitted
secret-syncs/laravel-forge/create.mdx,POST,/api/v1/secret-syncs/laravel-forge,intentionally_omitted,secretSyncs,secretSyncs.otherDestinations.admin,secret-syncs-other-destinations-omitted
secret-syncs/laravel-forge/delete.mdx,DELETE,/api/v1/secret-syncs/laravel-forge/{syncId},intentionally_omitted,secretSyncs,secretSyncs.otherDestinations.admin,secret-syncs-other-destinations-omitted
secret-syncs/laravel-forge/get-by-id.mdx,GET,/api/v1/secret-syncs/laravel-forge/{syncId},superseded,secretSyncs,secretSyncs.read,secret-syncs-destination-id-read-superseded
secret-syncs/laravel-forge/get-by-name.mdx,GET,/api/v1/secret-syncs/laravel-forge/sync-name/{syncName},superseded,secretSyncs,secretSyncs.read,secret-syncs-destination-name-read-superseded
secret-syncs/laravel-forge/import-secrets.mdx,POST,/api/v1/secret-syncs/laravel-forge/{syncId}/import-secrets,intentionally_omitted,secretSyncs,secretSyncs.otherDestinations.admin,secret-syncs-other-destinations-omitted
secret-syncs/laravel-forge/list.mdx,GET,/api/v1/secret-syncs/laravel-forge,superseded,secretSyncs,secretSyncs.read,secret-syncs-destination-list-superseded
secret-syncs/laravel-forge/remove-secrets.mdx,POST,/api/v1/secret-syncs/laravel-forge/{syncId}/remove-secrets,intentionally_omitted,secretSyncs,secretSyncs.otherDestinations.admin,secret-syncs-other-destinations-omitted
secret-syncs/laravel-forge/sync-secrets.mdx,POST,/api/v1/secret-syncs/laravel-forge/{syncId}/sync-secrets,intentionally_omitted,secretSyncs,secretSyncs.otherDestinations.admin,secret-syncs-other-destinations-omitted
secret-syncs/laravel-forge/update.mdx,PATCH,/api/v1/secret-syncs/laravel-forge/{syncId},intentionally_omitted,secretSyncs,secretSyncs.otherDestinations.admin,secret-syncs-other-destinations-omitted
secret-syncs/list.mdx,GET,/api/v1/secret-syncs,implemented,secretSyncs,secretSyncs.read,secret-syncs-inventory-implemented
secret-syncs/netlify/create.mdx,POST,/api/v1/secret-syncs/netlify,intentionally_omitted,secretSyncs,secretSyncs.otherDestinations.admin,secret-syncs-other-destinations-omitted
secret-syncs/netlify/delete.mdx,DELETE,/api/v1/secret-syncs/netlify/{syncId},intentionally_omitted,secretSyncs,secretSyncs.otherDestinations.admin,secret-syncs-other-destinations-omitted
secret-syncs/netlify/get-by-id.mdx,GET,/api/v1/secret-syncs/netlify/{syncId},superseded,secretSyncs,secretSyncs.read,secret-syncs-destination-id-read-superseded
secret-syncs/netlify/get-by-name.mdx,GET,/api/v1/secret-syncs/netlify/sync-name/{syncName},superseded,secretSyncs,secretSyncs.read,secret-syncs-destination-name-read-superseded
secret-syncs/netlify/import-secrets.mdx,POST,/api/v1/secret-syncs/netlify/{syncId}/import-secrets,intentionally_omitted,secretSyncs,secretSyncs.otherDestinations.admin,secret-syncs-other-destinations-omitted
secret-syncs/netlify/list.mdx,GET,/api/v1/secret-syncs/netlify,superseded,secretSyncs,secretSyncs.read,secret-syncs-destination-list-superseded
secret-syncs/netlify/remove-secrets.mdx,POST,/api/v1/secret-syncs/netlify/{syncId}/remove-secrets,intentionally_omitted,secretSyncs,secretSyncs.otherDestinations.admin,secret-syncs-other-destinations-omitted
secret-syncs/netlify/sync-secrets.mdx,POST,/api/v1/secret-syncs/netlify/{syncId}/sync-secrets,intentionally_omitted,secretSyncs,secretSyncs.otherDestinations.admin,secret-syncs-other-destinations-omitted
secret-syncs/netlify/update.mdx,PATCH,/api/v1/secret-syncs/netlify/{syncId},intentionally_omitted,secretSyncs,secretSyncs.otherDestinations.admin,secret-syncs-other-destinations-omitted
secret-syncs/northflank/create.mdx,POST,/api/v1/secret-syncs/northflank,intentionally_omitted,secretSyncs,secretSyncs.otherDestinations.admin,secret-syncs-other-destinations-omitted
secret-syncs/northflank/delete.mdx,DELETE,/api/v1/secret-syncs/northflank/{syncId},intentionally_omitted,secretSyncs,secretSyncs.otherDestinations.admin,secret-syncs-other-destinations-omitted
secret-syncs/northflank/get-by-id.mdx,GET,/api/v1/secret-syncs/northflank/{syncId},superseded,secretSyncs,secretSyncs.read,secret-syncs-destination-id-read-superseded
secret-syncs/northflank/get-by-name.mdx,GET,/api/v1/secret-syncs/northflank/sync-name/{syncName},superseded,secretSyncs,secretSyncs.read,secret-syncs-destination-name-read-superseded
secret-syncs/northflank/import-secrets.mdx,POST,/api/v1/secret-syncs/northflank/{syncId}/import-secrets,intentionally_omitted,secretSyncs,secretSyncs.otherDestinations.admin,secret-syncs-other-destinations-omitted
secret-syncs/northflank/list.mdx,GET,/api/v1/secret-syncs/northflank,superseded,secretSyncs,secretSyncs.read,secret-syncs-destination-list-superseded
secret-syncs/northflank/remove-secrets.mdx,POST,/api/v1/secret-syncs/northflank/{syncId}/remove-secrets,intentionally_omitted,secretSyncs,secretSyncs.otherDestinations.admin,secret-syncs-other-destinations-omitted
secret-syncs/northflank/sync-secrets.mdx,POST,/api/v1/secret-syncs/northflank/{syncId}/sync-secrets,intentionally_omitted,secretSyncs,secretSyncs.otherDestinations.admin,secret-syncs-other-destinations-omitted
secret-syncs/northflank/update.mdx,PATCH,/api/v1/secret-syncs/northflank/{syncId},intentionally_omitted,secretSyncs,secretSyncs.otherDestinations.admin,secret-syncs-other-destinations-omitted
secret-syncs/oci-vault/create.mdx,POST,/api/v1/secret-syncs/oci-vault,intentionally_omitted,secretSyncs,secretSyncs.otherDestinations.admin,secret-syncs-other-destinations-omitted
secret-syncs/oci-vault/delete.mdx,DELETE,/api/v1/secret-syncs/oci-vault/{syncId},intentionally_omitted,secretSyncs,secretSyncs.otherDestinations.admin,secret-syncs-other-destinations-omitted
secret-syncs/oci-vault/get-by-id.mdx,GET,/api/v1/secret-syncs/oci-vault/{syncId},superseded,secretSyncs,secretSyncs.read,secret-syncs-destination-id-read-superseded
secret-syncs/oci-vault/get-by-name.mdx,GET,/api/v1/secret-syncs/oci-vault/sync-name/{syncName},superseded,secretSyncs,secretSyncs.read,secret-syncs-destination-name-read-superseded
secret-syncs/oci-vault/import-secrets.mdx,POST,/api/v1/secret-syncs/oci-vault/{syncId}/import-secrets,intentionally_omitted,secretSyncs,secretSyncs.otherDestinations.admin,secret-syncs-other-destinations-omitted
secret-syncs/oci-vault/list.mdx,GET,/api/v1/secret-syncs/oci-vault,superseded,secretSyncs,secretSyncs.read,secret-syncs-destination-list-superseded
secret-syncs/oci-vault/remove-secrets.mdx,POST,/api/v1/secret-syncs/oci-vault/{syncId}/remove-secrets,intentionally_omitted,secretSyncs,secretSyncs.otherDestinations.admin,secret-syncs-other-destinations-omitted
secret-syncs/oci-vault/sync-secrets.mdx,POST,/api/v1/secret-syncs/oci-vault/{syncId}/sync-secrets,intentionally_omitted,secretSyncs,secretSyncs.otherDestinations.admin,secret-syncs-other-destinations-omitted
secret-syncs/oci-vault/update.mdx,PATCH,/api/v1/secret-syncs/oci-vault/{syncId},intentionally_omitted,secretSyncs,secretSyncs.otherDestinations.admin,secret-syncs-other-destinations-omitted
secret-syncs/octopus-deploy/create.mdx,POST,/api/v1/secret-syncs/octopus-deploy,intentionally_omitted,secretSyncs,secretSyncs.otherDestinations.admin,secret-syncs-other-destinations-omitted
secret-syncs/octopus-deploy/delete.mdx,DELETE,/api/v1/secret-syncs/octopus-deploy/{syncId},intentionally_omitted,secretSyncs,secretSyncs.otherDestinations.admin,secret-syncs-other-destinations-omitted
secret-syncs/octopus-deploy/get-by-id.mdx,GET,/api/v1/secret-syncs/octopus-deploy/{syncId},superseded,secretSyncs,secretSyncs.read,secret-syncs-destination-id-read-superseded
secret-syncs/octopus-deploy/get-by-name.mdx,GET,/api/v1/secret-syncs/octopus-deploy/sync-name/{syncName},superseded,secretSyncs,secretSyncs.read,secret-syncs-destination-name-read-superseded
secret-syncs/octopus-deploy/list.mdx,GET,/api/v1/secret-syncs/octopus-deploy,superseded,secretSyncs,secretSyncs.read,secret-syncs-destination-list-superseded
secret-syncs/octopus-deploy/remove-secrets.mdx,POST,/api/v1/secret-syncs/octopus-deploy/{syncId}/remove-secrets,intentionally_omitted,secretSyncs,secretSyncs.otherDestinations.admin,secret-syncs-other-destinations-omitted
secret-syncs/octopus-deploy/sync-secrets.mdx,POST,/api/v1/secret-syncs/octopus-deploy/{syncId}/sync-secrets,intentionally_omitted,secretSyncs,secretSyncs.otherDestinations.admin,secret-syncs-other-destinations-omitted
secret-syncs/octopus-deploy/update.mdx,PATCH,/api/v1/secret-syncs/octopus-deploy/{syncId},intentionally_omitted,secretSyncs,secretSyncs.otherDestinations.admin,secret-syncs-other-destinations-omitted
secret-syncs/options.mdx,GET,/api/v1/secret-syncs/options,superseded,secretSyncs,secretSyncs.read,secret-syncs-options-superseded
secret-syncs/railway/create.mdx,POST,/api/v1/secret-syncs/railway,intentionally_omitted,secretSyncs,secretSyncs.otherDestinations.admin,secret-syncs-other-destinations-omitted
secret-syncs/railway/delete.mdx,DELETE,/api/v1/secret-syncs/railway/{syncId},intentionally_omitted,secretSyncs,secretSyncs.otherDestinations.admin,secret-syncs-other-destinations-omitted
secret-syncs/railway/get-by-id.mdx,GET,/api/v1/secret-syncs/railway/{syncId},superseded,secretSyncs,secretSyncs.read,secret-syncs-destination-id-read-superseded
secret-syncs/railway/get-by-name.mdx,GET,/api/v1/secret-syncs/railway/sync-name/{syncName},superseded,secretSyncs,secretSyncs.read,secret-syncs-destination-name-read-superseded
secret-syncs/railway/import-secrets.mdx,POST,/api/v1/secret-syncs/railway/{syncId}/import-secrets,intentionally_omitted,secretSyncs,secretSyncs.otherDestinations.admin,secret-syncs-other-destinations-omitted
secret-syncs/railway/list.mdx,GET,/api/v1/secret-syncs/railway,superseded,secretSyncs,secretSyncs.read,secret-syncs-destination-list-superseded
secret-syncs/railway/remove-secrets.mdx,POST,/api/v1/secret-syncs/railway/{syncId}/remove-secrets,intentionally_omitted,secretSyncs,secretSyncs.otherDestinations.admin,secret-syncs-other-destinations-omitted
secret-syncs/railway/sync-secrets.mdx,POST,/api/v1/secret-syncs/railway/{syncId}/sync-secrets,intentionally_omitted,secretSyncs,secretSyncs.otherDestinations.admin,secret-syncs-other-destinations-omitted
secret-syncs/railway/update.mdx,PATCH,/api/v1/secret-syncs/railway/{syncId},intentionally_omitted,secretSyncs,secretSyncs.otherDestinations.admin,secret-syncs-other-destinations-omitted
secret-syncs/render/create.mdx,POST,/api/v1/secret-syncs/render,intentionally_omitted,secretSyncs,secretSyncs.otherDestinations.admin,secret-syncs-other-destinations-omitted
secret-syncs/render/delete.mdx,DELETE,/api/v1/secret-syncs/render/{syncId},intentionally_omitted,secretSyncs,secretSyncs.otherDestinations.admin,secret-syncs-other-destinations-omitted
secret-syncs/render/get-by-id.mdx,GET,/api/v1/secret-syncs/render/{syncId},superseded,secretSyncs,secretSyncs.read,secret-syncs-destination-id-read-superseded
secret-syncs/render/get-by-name.mdx,GET,/api/v1/secret-syncs/render/sync-name/{syncName},superseded,secretSyncs,secretSyncs.read,secret-syncs-destination-name-read-superseded
secret-syncs/render/import-secrets.mdx,POST,/api/v1/secret-syncs/render/{syncId}/import-secrets,intentionally_omitted,secretSyncs,secretSyncs.otherDestinations.admin,secret-syncs-other-destinations-omitted
secret-syncs/render/list.mdx,GET,/api/v1/secret-syncs/render,superseded,secretSyncs,secretSyncs.read,secret-syncs-destination-list-superseded
secret-syncs/render/remove-secrets.mdx,POST,/api/v1/secret-syncs/render/{syncId}/remove-secrets,intentionally_omitted,secretSyncs,secretSyncs.otherDestinations.admin,secret-syncs-other-destinations-omitted
secret-syncs/render/sync-secrets.mdx,POST,/api/v1/secret-syncs/render/{syncId}/sync-secrets,intentionally_omitted,secretSyncs,secretSyncs.otherDestinations.admin,secret-syncs-other-destinations-omitted
secret-syncs/render/update.mdx,PATCH,/api/v1/secret-syncs/render/{syncId},intentionally_omitted,secretSyncs,secretSyncs.otherDestinations.admin,secret-syncs-other-destinations-omitted
secret-syncs/snowflake/create.mdx,POST,/api/v1/secret-syncs/snowflake,intentionally_omitted,secretSyncs,secretSyncs.otherDestinations.admin,secret-syncs-other-destinations-omitted
secret-syncs/snowflake/delete.mdx,DELETE,/api/v1/secret-syncs/snowflake/{syncId},intentionally_omitted,secretSyncs,secretSyncs.otherDestinations.admin,secret-syncs-other-destinations-omitted
secret-syncs/snowflake/get-by-id.mdx,GET,/api/v1/secret-syncs/snowflake/{syncId},superseded,secretSyncs,secretSyncs.read,secret-syncs-destination-id-read-superseded
secret-syncs/snowflake/get-by-name.mdx,GET,/api/v1/secret-syncs/snowflake/sync-name/{syncName},superseded,secretSyncs,secretSyncs.read,secret-syncs-destination-name-read-superseded
secret-syncs/snowflake/list.mdx,GET,/api/v1/secret-syncs/snowflake,superseded,secretSyncs,secretSyncs.read,secret-syncs-destination-list-superseded
secret-syncs/snowflake/remove-secrets.mdx,POST,/api/v1/secret-syncs/snowflake/{syncId}/remove-secrets,intentionally_omitted,secretSyncs,secretSyncs.otherDestinations.admin,secret-syncs-other-destinations-omitted
secret-syncs/snowflake/sync-secrets.mdx,POST,/api/v1/secret-syncs/snowflake/{syncId}/sync-secrets,intentionally_omitted,secretSyncs,secretSyncs.otherDestinations.admin,secret-syncs-other-destinations-omitted
secret-syncs/snowflake/update.mdx,PATCH,/api/v1/secret-syncs/snowflake/{syncId},intentionally_omitted,secretSyncs,secretSyncs.otherDestinations.admin,secret-syncs-other-destinations-omitted
secret-syncs/supabase/create.mdx,POST,/api/v1/secret-syncs/supabase,intentionally_omitted,secretSyncs,secretSyncs.otherDestinations.admin,secret-syncs-other-destinations-omitted
secret-syncs/supabase/delete.mdx,DELETE,/api/v1/secret-syncs/supabase/{syncId},intentionally_omitted,secretSyncs,secretSyncs.otherDestinations.admin,secret-syncs-other-destinations-omitted
secret-syncs/supabase/get-by-id.mdx,GET,/api/v1/secret-syncs/supabase/{syncId},superseded,secretSyncs,secretSyncs.read,secret-syncs-destination-id-read-superseded
secret-syncs/supabase/get-by-name.mdx,GET,/api/v1/secret-syncs/supabase/sync-name/{syncName},superseded,secretSyncs,secretSyncs.read,secret-syncs-destination-name-read-superseded
secret-syncs/supabase/list.mdx,GET,/api/v1/secret-syncs/supabase,superseded,secretSyncs,secretSyncs.read,secret-syncs-destination-list-superseded
secret-syncs/supabase/remove-secrets.mdx,POST,/api/v1/secret-syncs/supabase/{syncId}/remove-secrets,intentionally_omitted,secretSyncs,secretSyncs.otherDestinations.admin,secret-syncs-other-destinations-omitted
secret-syncs/supabase/sync-secrets.mdx,POST,/api/v1/secret-syncs/supabase/{syncId}/sync-secrets,intentionally_omitted,secretSyncs,secretSyncs.otherDestinations.admin,secret-syncs-other-destinations-omitted
secret-syncs/supabase/update.mdx,PATCH,/api/v1/secret-syncs/supabase/{syncId},intentionally_omitted,secretSyncs,secretSyncs.otherDestinations.admin,secret-syncs-other-destinations-omitted
secret-syncs/teamcity/create.mdx,POST,/api/v1/secret-syncs/teamcity,intentionally_omitted,secretSyncs,secretSyncs.otherDestinations.admin,secret-syncs-other-destinations-omitted
secret-syncs/teamcity/delete.mdx,DELETE,/api/v1/secret-syncs/teamcity/{syncId},intentionally_omitted,secretSyncs,secretSyncs.otherDestinations.admin,secret-syncs-other-destinations-omitted
secret-syncs/teamcity/get-by-id.mdx,GET,/api/v1/secret-syncs/teamcity/{syncId},superseded,secretSyncs,secretSyncs.read,secret-syncs-destination-id-read-superseded
secret-syncs/teamcity/get-by-name.mdx,GET,/api/v1/secret-syncs/teamcity/sync-name/{syncName},superseded,secretSyncs,secretSyncs.read,secret-syncs-destination-name-read-superseded
secret-syncs/teamcity/import-secrets.mdx,POST,/api/v1/secret-syncs/teamcity/{syncId}/import-secrets,intentionally_omitted,secretSyncs,secretSyncs.otherDestinations.admin,secret-syncs-other-destinations-omitted
secret-syncs/teamcity/list.mdx,GET,/api/v1/secret-syncs/teamcity,superseded,secretSyncs,secretSyncs.read,secret-syncs-destination-list-superseded
secret-syncs/teamcity/remove-secrets.mdx,POST,/api/v1/secret-syncs/teamcity/{syncId}/remove-secrets,intentionally_omitted,secretSyncs,secretSyncs.otherDestinations.admin,secret-syncs-other-destinations-omitted
secret-syncs/teamcity/sync-secrets.mdx,POST,/api/v1/secret-syncs/teamcity/{syncId}/sync-secrets,intentionally_omitted,secretSyncs,secretSyncs.otherDestinations.admin,secret-syncs-other-destinations-omitted
secret-syncs/teamcity/update.mdx,PATCH,/api/v1/secret-syncs/teamcity/{syncId},intentionally_omitted,secretSyncs,secretSyncs.otherDestinations.admin,secret-syncs-other-destinations-omitted
secret-syncs/terraform-cloud/create.mdx,POST,/api/v1/secret-syncs/terraform-cloud,intentionally_omitted,secretSyncs,secretSyncs.otherDestinations.admin,secret-syncs-other-destinations-omitted
secret-syncs/terraform-cloud/delete.mdx,DELETE,/api/v1/secret-syncs/terraform-cloud/{syncId},intentionally_omitted,secretSyncs,secretSyncs.otherDestinations.admin,secret-syncs-other-destinations-omitted
secret-syncs/terraform-cloud/get-by-id.mdx,GET,/api/v1/secret-syncs/terraform-cloud/{syncId},superseded,secretSyncs,secretSyncs.read,secret-syncs-destination-id-read-superseded
secret-syncs/terraform-cloud/get-by-name.mdx,GET,/api/v1/secret-syncs/terraform-cloud/sync-name/{syncName},superseded,secretSyncs,secretSyncs.read,secret-syncs-destination-name-read-superseded
secret-syncs/terraform-cloud/list.mdx,GET,/api/v1/secret-syncs/terraform-cloud,superseded,secretSyncs,secretSyncs.read,secret-syncs-destination-list-superseded
secret-syncs/terraform-cloud/remove-secrets.mdx,POST,/api/v1/secret-syncs/terraform-cloud/{syncId}/remove-secrets,intentionally_omitted,secretSyncs,secretSyncs.otherDestinations.admin,secret-syncs-other-destinations-omitted
secret-syncs/terraform-cloud/sync-secrets.mdx,POST,/api/v1/secret-syncs/terraform-cloud/{syncId}/sync-secrets,intentionally_omitted,secretSyncs,secretSyncs.otherDestinations.admin,secret-syncs-other-destinations-omitted
secret-syncs/terraform-cloud/update.mdx,PATCH,/api/v1/secret-syncs/terraform-cloud/{syncId},intentionally_omitted,secretSyncs,secretSyncs.otherDestinations.admin,secret-syncs-other-destinations-omitted
secret-syncs/vercel/create.mdx,POST,/api/v1/secret-syncs/vercel,intentionally_omitted,secretSyncs,secretSyncs.otherDestinations.admin,secret-syncs-other-destinations-omitted
secret-syncs/vercel/delete.mdx,DELETE,/api/v1/secret-syncs/vercel/{syncId},intentionally_omitted,secretSyncs,secretSyncs.otherDestinations.admin,secret-syncs-other-destinations-omitted
secret-syncs/vercel/get-by-id.mdx,GET,/api/v1/secret-syncs/vercel/{syncId},superseded,secretSyncs,secretSyncs.read,secret-syncs-destination-id-read-superseded
secret-syncs/vercel/get-by-name.mdx,GET,/api/v1/secret-syncs/vercel/sync-name/{syncName},superseded,secretSyncs,secretSyncs.read,secret-syncs-destination-name-read-superseded
secret-syncs/vercel/import-secrets.mdx,POST,/api/v1/secret-syncs/vercel/{syncId}/import-secrets,intentionally_omitted,secretSyncs,secretSyncs.otherDestinations.admin,secret-syncs-other-destinations-omitted
secret-syncs/vercel/list.mdx,GET,/api/v1/secret-syncs/vercel,superseded,secretSyncs,secretSyncs.read,secret-syncs-destination-list-superseded
secret-syncs/vercel/remove-secrets.mdx,POST,/api/v1/secret-syncs/vercel/{syncId}/remove-secrets,intentionally_omitted,secretSyncs,secretSyncs.otherDestinations.admin,secret-syncs-other-destinations-omitted
secret-syncs/vercel/sync-secrets.mdx,POST,/api/v1/secret-syncs/vercel/{syncId}/sync-secrets,intentionally_omitted,secretSyncs,secretSyncs.otherDestinations.admin,secret-syncs-other-destinations-omitted
secret-syncs/vercel/update.mdx,PATCH,/api/v1/secret-syncs/vercel/{syncId},intentionally_omitted,secretSyncs,secretSyncs.otherDestinations.admin,secret-syncs-other-destinations-omitted
secret-syncs/windmill/create.mdx,POST,/api/v1/secret-syncs/windmill,intentionally_omitted,secretSyncs,secretSyncs.otherDestinations.admin,secret-syncs-other-destinations-omitted
secret-syncs/windmill/delete.mdx,DELETE,/api/v1/secret-syncs/windmill/{syncId},intentionally_omitted,secretSyncs,secretSyncs.otherDestinations.admin,secret-syncs-other-destinations-omitted
secret-syncs/windmill/get-by-id.mdx,GET,/api/v1/secret-syncs/windmill/{syncId},superseded,secretSyncs,secretSyncs.read,secret-syncs-destination-id-read-superseded
secret-syncs/windmill/get-by-name.mdx,GET,/api/v1/secret-syncs/windmill/sync-name/{syncName},superseded,secretSyncs,secretSyncs.read,secret-syncs-destination-name-read-superseded
secret-syncs/windmill/import-secrets.mdx,POST,/api/v1/secret-syncs/windmill/{syncId}/import-secrets,intentionally_omitted,secretSyncs,secretSyncs.otherDestinations.admin,secret-syncs-other-destinations-omitted
secret-syncs/windmill/list.mdx,GET,/api/v1/secret-syncs/windmill,superseded,secretSyncs,secretSyncs.read,secret-syncs-destination-list-superseded
secret-syncs/windmill/remove-secrets.mdx,POST,/api/v1/secret-syncs/windmill/{syncId}/remove-secrets,intentionally_omitted,secretSyncs,secretSyncs.otherDestinations.admin,secret-syncs-other-destinations-omitted
secret-syncs/windmill/sync-secrets.mdx,POST,/api/v1/secret-syncs/windmill/{syncId}/sync-secrets,intentionally_omitted,secretSyncs,secretSyncs.otherDestinations.admin,secret-syncs-other-destinations-omitted
secret-syncs/windmill/update.mdx,PATCH,/api/v1/secret-syncs/windmill/{syncId},intentionally_omitted,secretSyncs,secretSyncs.otherDestinations.admin,secret-syncs-other-destinations-omitted
secret-syncs/zabbix/create.mdx,POST,/api/v1/secret-syncs/zabbix,intentionally_omitted,secretSyncs,secretSyncs.otherDestinations.admin,secret-syncs-other-destinations-omitted
secret-syncs/zabbix/delete.mdx,DELETE,/api/v1/secret-syncs/zabbix/{syncId},intentionally_omitted,secretSyncs,secretSyncs.otherDestinations.admin,secret-syncs-other-destinations-omitted
secret-syncs/zabbix/get-by-id.mdx,GET,/api/v1/secret-syncs/zabbix/{syncId},superseded,secretSyncs,secretSyncs.read,secret-syncs-destination-id-read-superseded
secret-syncs/zabbix/get-by-name.mdx,GET,/api/v1/secret-syncs/zabbix/sync-name/{syncName},superseded,secretSyncs,secretSyncs.read,secret-syncs-destination-name-read-superseded
secret-syncs/zabbix/import-secrets.mdx,POST,/api/v1/secret-syncs/zabbix/{syncId}/import-secrets,intentionally_omitted,secretSyncs,secretSyncs.otherDestinations.admin,secret-syncs-other-destinations-omitted
secret-syncs/zabbix/list.mdx,GET,/api/v1/secret-syncs/zabbix,superseded,secretSyncs,secretSyncs.read,secret-syncs-destination-list-superseded
secret-syncs/zabbix/remove-secrets.mdx,POST,/api/v1/secret-syncs/zabbix/{syncId}/remove-secrets,intentionally_omitted,secretSyncs,secretSyncs.otherDestinations.admin,secret-syncs-other-destinations-omitted
secret-syncs/zabbix/sync-secrets.mdx,POST,/api/v1/secret-syncs/zabbix/{syncId}/sync-secrets,intentionally_omitted,secretSyncs,secretSyncs.otherDestinations.admin,secret-syncs-other-destinations-omitted
secret-syncs/zabbix/update.mdx,PATCH,/api/v1/secret-syncs/zabbix/{syncId},intentionally_omitted,secretSyncs,secretSyncs.otherDestinations.admin,secret-syncs-other-destinations-omitted
secret-tags/create.mdx,POST,/api/v1/projects/{projectId}/tags,implemented,tags,tags.create,secret-tags-implemented--implemented-tags-create
secret-tags/delete.mdx,DELETE,/api/v1/projects/{projectId}/tags/{tagId},implemented,tags,tags.delete,secret-tags-implemented--implemented-tags-delete
secret-tags/get-by-id.mdx,GET,/api/v1/projects/{projectId}/tags/{tagId},implemented,tags,tags.read,secret-tags-implemented--implemented-tags-read
secret-tags/get-by-slug.mdx,GET,/api/v1/projects/{projectId}/tags/slug/{tagSlug},implemented,tags,tags.read,secret-tags-implemented--implemented-tags-read
secret-tags/list.mdx,GET,/api/v1/projects/{projectId}/tags,implemented,tags,tags.read,secret-tags-implemented--implemented-tags-read
secret-tags/update.mdx,PATCH,/api/v1/projects/{projectId}/tags/{tagId},implemented,tags,tags.update,secret-tags-implemented--implemented-tags-update
secrets/create-many.mdx,POST,/api/v4/secrets/batch,implemented,secrets,secrets.batch.create,secrets-implemented--implemented-secrets-batch-create
secrets/create.mdx,POST,/api/v4/secrets/{secretName},implemented,secrets,secrets.create,secrets-implemented--implemented-secrets-create
secrets/delete-many.mdx,DELETE,/api/v4/secrets/batch,implemented,secrets,secrets.batch.delete,secrets-implemented--implemented-secrets-batch-delete
secrets/delete.mdx,DELETE,/api/v4/secrets/{secretName},implemented,secrets,secrets.delete,secrets-implemented--implemented-secrets-delete
secrets/duplicate.mdx,POST,/api/v4/secrets/duplicate,intentionally_omitted,secrets.duplicate,secrets.duplicate,secret-duplicate-omitted
secrets/list.mdx,GET,/api/v4/secrets,implemented,secrets,secretMetadata.read,secrets-implemented--implemented-secretmetadata-read
secrets/read.mdx,GET,/api/v4/secrets/{secretName},implemented,secrets,secrets.reveal,secrets-implemented--implemented-secrets-reveal
secrets/update-many.mdx,PATCH,/api/v4/secrets/batch,implemented,secrets,secrets.batch.update,secrets-implemented--implemented-secrets-batch-update
secrets/update.mdx,PATCH,/api/v4/secrets/{secretName},implemented,secrets,secrets.update,secrets-implemented--implemented-secrets-update
service-tokens/get.mdx,GET,/api/v2/service-token,superseded,identityUniversalAuth,serviceTokens.read,service-tokens-superseded
shared-secrets/access.mdx,POST,/api/v1/shared-secrets/{id}/access,intentionally_omitted,sharedSecrets,sharedSecrets.admin,shared-secrets-omitted
shared-secrets/create.mdx,POST,/api/v1/shared-secrets,intentionally_omitted,sharedSecrets,sharedSecrets.admin,shared-secrets-omitted
shared-secrets/delete.mdx,DELETE,/api/v1/shared-secrets/{id},intentionally_omitted,sharedSecrets,sharedSecrets.admin,shared-secrets-omitted
shared-secrets/get-by-id.mdx,GET,/api/v1/shared-secrets/{id},intentionally_omitted,sharedSecrets,sharedSecrets.admin,shared-secrets-omitted
shared-secrets/list.mdx,GET,/api/v1/shared-secrets,intentionally_omitted,sharedSecrets,sharedSecrets.admin,shared-secrets-omitted
ssh/ca/create.mdx,POST,/api/v1/ssh/ca,implemented,sshAccess,sshCertificateAuthorities.create,ssh-access-implemented--implemented-sshcertificateauthorities-create
ssh/ca/delete.mdx,DELETE,/api/v1/ssh/ca/{sshCaId},implemented,sshAccess,sshCertificateAuthorities.delete,ssh-access-implemented--implemented-sshcertificateauthorities-delete
ssh/ca/list-certificate-templates.mdx,GET,/api/v1/ssh/ca/{sshCaId}/certificate-templates,implemented,sshAccess,sshCertificateTemplates.read,ssh-access-implemented--implemented-sshcertificatetemplates-read
ssh/ca/list.mdx,GET,/api/v2/workspace/{projectId}/ssh-cas,implemented,sshAccess,sshCertificateAuthorities.read,ssh-access-implemented--implemented-sshcertificateauthorities-read
ssh/ca/public-key.mdx,GET,/api/v1/ssh/ca/{sshCaId}/public-key,implemented,sshAccess,sshCertificateAuthorities.read,ssh-access-implemented--implemented-sshcertificateauthorities-read
ssh/ca/read.mdx,GET,/api/v1/ssh/ca/{sshCaId},implemented,sshAccess,sshCertificateAuthorities.read,ssh-access-implemented--implemented-sshcertificateauthorities-read
ssh/ca/update.mdx,PATCH,/api/v1/ssh/ca/{sshCaId},implemented,sshAccess,sshCertificateAuthorities.replace,ssh-access-implemented--implemented-sshcertificateauthorities-replace
ssh/certificate-templates/create.mdx,POST,/api/v1/ssh/certificate-templates,implemented,sshAccess,sshCertificateTemplates.create,ssh-access-implemented--implemented-sshcertificatetemplates-create
ssh/certificate-templates/delete.mdx,DELETE,/api/v1/ssh/certificate-templates/{certificateTemplateId},implemented,sshAccess,sshCertificateTemplates.delete,ssh-access-implemented--implemented-sshcertificatetemplates-delete
ssh/certificate-templates/list.mdx,GET,/api/v2/workspace/{projectId}/ssh-certificate-templates,implemented,sshAccess,sshCertificateTemplates.read,ssh-access-implemented--implemented-sshcertificatetemplates-read
ssh/certificate-templates/read.mdx,GET,/api/v1/ssh/certificate-templates/{certificateTemplateId},implemented,sshAccess,sshCertificateTemplates.read,ssh-access-implemented--implemented-sshcertificatetemplates-read
ssh/certificate-templates/update.mdx,PATCH,/api/v1/ssh/certificate-templates/{certificateTemplateId},implemented,sshAccess,sshCertificateTemplates.replace,ssh-access-implemented--implemented-sshcertificatetemplates-replace
ssh/certificates/issue-credentials.mdx,POST,/api/v1/ssh/certificates/issue,implemented,sshAccess,sshCertificates.issue,ssh-access-implemented--implemented-sshcertificates-issue
ssh/certificates/sign-key.mdx,POST,/api/v1/ssh/certificates/sign,implemented,sshAccess,sshCertificates.sign,ssh-access-implemented--implemented-sshcertificates-sign
ssh/groups/add-host.mdx,POST,/api/v1/ssh/host-groups/{sshHostGroupId}/hosts/{hostId},implemented,sshAccess,sshHostGroups.membership.change,ssh-access-implemented--implemented-sshhostgroups-membership-change
ssh/groups/create.mdx,POST,/api/v1/ssh/host-groups,implemented,sshAccess,sshHostGroups.create,ssh-access-implemented--implemented-sshhostgroups-create
ssh/groups/delete.mdx,DELETE,/api/v1/ssh/host-groups/{sshHostGroupId},implemented,sshAccess,sshHostGroups.delete,ssh-access-implemented--implemented-sshhostgroups-delete
ssh/groups/list-hosts.mdx,GET,/api/v1/ssh/host-groups/{sshHostGroupId}/hosts,implemented,sshAccess,sshHostGroups.read,ssh-access-implemented--implemented-sshhostgroups-read
ssh/groups/list.mdx,GET,/api/v2/workspace/{projectId}/ssh-host-groups,implemented,sshAccess,sshHostGroups.read,ssh-access-implemented--implemented-sshhostgroups-read
ssh/groups/read.mdx,GET,/api/v1/ssh/host-groups/{sshHostGroupId},implemented,sshAccess,sshHostGroups.read,ssh-access-implemented--implemented-sshhostgroups-read
ssh/groups/remove-host.mdx,DELETE,/api/v1/ssh/host-groups/{sshHostGroupId}/hosts/{hostId},implemented,sshAccess,sshHostGroups.membership.change,ssh-access-implemented--implemented-sshhostgroups-membership-change
ssh/groups/update.mdx,PATCH,/api/v1/ssh/host-groups/{sshHostGroupId},implemented,sshAccess,sshHostGroups.replace,ssh-access-implemented--implemented-sshhostgroups-replace
ssh/hosts/create.mdx,POST,/api/v1/ssh/hosts,implemented,sshAccess,sshHosts.create,ssh-access-implemented--implemented-sshhosts-create
ssh/hosts/delete.mdx,DELETE,/api/v1/ssh/hosts/{sshHostId},implemented,sshAccess,sshHosts.delete,ssh-access-implemented--implemented-sshhosts-delete
ssh/hosts/issue-host-cert.mdx,POST,/api/v1/ssh/hosts/{sshHostId}/issue-host-cert,implemented,sshAccess,sshHosts.hostCertificate.issue,ssh-access-implemented--implemented-sshhosts-hostcertificate-issue
ssh/hosts/issue-user-cert.mdx,POST,/api/v1/ssh/hosts/{sshHostId}/issue-user-cert,intentionally_omitted,sshHosts.userCertificate,sshHosts.userCertificate.issue,ssh-host-user-certificate-omitted
ssh/hosts/list-my.mdx,GET,/api/v1/ssh/hosts,intentionally_omitted,sshHosts.globalInventory,sshHosts.globalInventory.read,ssh-global-host-inventory-omitted
ssh/hosts/list.mdx,GET,/api/v2/workspace/{projectId}/ssh-hosts,implemented,sshAccess,sshHosts.read,ssh-access-implemented--implemented-sshhosts-read
ssh/hosts/read-host-ca-pk.mdx,GET,/api/v1/ssh/hosts/{sshHostId}/host-ca-public-key,implemented,sshAccess,sshHosts.read,ssh-access-implemented--implemented-sshhosts-read
ssh/hosts/read-user-ca-pk.mdx,GET,/api/v1/ssh/hosts/{sshHostId}/user-ca-public-key,implemented,sshAccess,sshHosts.read,ssh-access-implemented--implemented-sshhosts-read
ssh/hosts/read.mdx,GET,/api/v1/ssh/hosts/{sshHostId},implemented,sshAccess,sshHosts.read,ssh-access-implemented--implemented-sshhosts-read
ssh/hosts/update.mdx,PATCH,/api/v1/ssh/hosts/{sshHostId},implemented,sshAccess,sshHosts.replace,ssh-access-implemented--implemented-sshhosts-replace
sub-organizations/create.mdx,POST,/api/v1/sub-organizations,intentionally_omitted,subOrganizations,subOrganizations.admin,sub-organizations-omitted
sub-organizations/delete.mdx,DELETE,/api/v1/sub-organizations/{subOrgId},intentionally_omitted,subOrganizations,subOrganizations.admin,sub-organizations-omitted
sub-organizations/list.mdx,GET,/api/v1/sub-organizations,intentionally_omitted,subOrganizations,subOrganizations.admin,sub-organizations-omitted
sub-organizations/memberships.mdx,POST,/api/v1/sub-organizations/{subOrgId}/memberships,intentionally_omitted,subOrganizations,subOrganizations.admin,sub-organizations-omitted
sub-organizations/update.mdx,PATCH,/api/v1/sub-organizations/{subOrgId},intentionally_omitted,subOrganizations,subOrganizations.admin,sub-organizations-omitted
tls-cert-auth/attach.mdx,POST,/api/v1/auth/tls-cert-auth/identities/{identityId},intentionally_omitted,identityTlsCertificateAuth,identityTlsCertificateAuth.admin,tls-certificate-auth-omitted
tls-cert-auth/login.mdx,POST,/api/v1/auth/tls-cert-auth/login,intentionally_omitted,identityTlsCertificateAuth,identityTlsCertificateAuth.admin,tls-certificate-auth-omitted
tls-cert-auth/retrieve.mdx,GET,/api/v1/auth/tls-cert-auth/identities/{identityId},intentionally_omitted,identityTlsCertificateAuth,identityTlsCertificateAuth.admin,tls-certificate-auth-omitted
tls-cert-auth/revoke.mdx,DELETE,/api/v1/auth/tls-cert-auth/identities/{identityId},intentionally_omitted,identityTlsCertificateAuth,identityTlsCertificateAuth.admin,tls-certificate-auth-omitted
tls-cert-auth/update.mdx,PATCH,/api/v1/auth/tls-cert-auth/identities/{identityId},intentionally_omitted,identityTlsCertificateAuth,identityTlsCertificateAuth.admin,tls-certificate-auth-omitted
token-auth/attach.mdx,POST,/api/v1/auth/token-auth/identities/{identityId},implemented,identityTokenAuth,identityTokenAuth.attach,token-auth-implemented--implemented-identitytokenauth-attach
token-auth/create-token.mdx,POST,/api/v1/auth/token-auth/identities/{identityId}/tokens,implemented,identityTokenAuth,identityTokenAuth.tokens.create,token-auth-implemented--implemented-identitytokenauth-tokens-create
token-auth/get-token.mdx,GET,/api/v1/auth/token-auth/tokens/{tokenId},implemented,identityTokenAuth,identityTokenAuth.tokens.read,token-auth-implemented--implemented-identitytokenauth-tokens-read
token-auth/get-tokens.mdx,GET,/api/v1/auth/token-auth/identities/{identityId}/tokens,implemented,identityTokenAuth,identityTokenAuth.tokens.read,token-auth-implemented--implemented-identitytokenauth-tokens-read
token-auth/retrieve.mdx,GET,/api/v1/auth/token-auth/identities/{identityId},implemented,identityTokenAuth,identityTokenAuth.read,token-auth-implemented--implemented-identitytokenauth-read
token-auth/revoke-token.mdx,POST,/api/v1/auth/token-auth/tokens/{tokenId}/revoke,implemented,identityTokenAuth,identityTokenAuth.tokens.revoke,token-auth-implemented--implemented-identitytokenauth-tokens-revoke
token-auth/revoke.mdx,DELETE,/api/v1/auth/token-auth/identities/{identityId},implemented,identityTokenAuth,identityTokenAuth.remove,token-auth-implemented--implemented-identitytokenauth-remove
token-auth/update-token.mdx,PATCH,/api/v1/auth/token-auth/tokens/{tokenId},implemented,identityTokenAuth,identityTokenAuth.tokens.update,token-auth-implemented--implemented-identitytokenauth-tokens-update
token-auth/update.mdx,PATCH,/api/v1/auth/token-auth/identities/{identityId},implemented,identityTokenAuth,identityTokenAuth.update,token-auth-implemented--implemented-identitytokenauth-update
universal-auth/attach.mdx,POST,/api/v1/auth/universal-auth/identities/{identityId},implemented,identityUniversalAuth,identityUniversalAuth.attach,universal-auth-implemented--implemented-identityuniversalauth-attach
universal-auth/create-client-secret.mdx,POST,/api/v1/auth/universal-auth/identities/{identityId}/client-secrets,implemented,identityUniversalAuth,identityUniversalAuth.clientSecrets.create,universal-auth-implemented--implemented-identityuniversalauth-clientsecrets-create
universal-auth/get-client-secret-by-id.mdx,GET,/api/v1/auth/universal-auth/identities/{identityId}/client-secrets/{clientSecretId},implemented,identityUniversalAuth,identityUniversalAuth.clientSecrets.read,universal-auth-implemented--implemented-identityuniversalauth-clientsecrets-read
universal-auth/list-client-secrets.mdx,GET,/api/v1/auth/universal-auth/identities/{identityId}/client-secrets,implemented,identityUniversalAuth,identityUniversalAuth.clientSecrets.read,universal-auth-implemented--implemented-identityuniversalauth-clientsecrets-read
universal-auth/login.mdx,POST,/api/v1/auth/universal-auth/login,superseded,identityUniversalAuth.login,identityAuth.tokenMinting,universal-auth-implemented--superseded-identityauth-tokenminting
universal-auth/renew-access-token.mdx,POST,/api/v1/auth/token/renew,intentionally_omitted,identityUniversalAuth.tokens,identityAuth.tokenMinting,universal-auth-token-renewal-omitted
universal-auth/retrieve.mdx,GET,/api/v1/auth/universal-auth/identities/{identityId},implemented,identityUniversalAuth,identityUniversalAuth.read,universal-auth-implemented--implemented-identityuniversalauth-read
universal-auth/revoke-access-token.mdx,POST,/api/v1/auth/token/revoke,intentionally_omitted,identityUniversalAuth.tokens,identityAuth.tokenMinting,universal-auth-token-revocation-omitted
universal-auth/revoke-client-secret.mdx,POST,/api/v1/auth/universal-auth/identities/{identityId}/client-secrets/{clientSecretId}/revoke,implemented,identityUniversalAuth,identityUniversalAuth.clientSecrets.revoke,universal-auth-implemented--implemented-identityuniversalauth-clientsecrets-revoke
universal-auth/revoke.mdx,DELETE,/api/v1/auth/universal-auth/identities/{identityId},implemented,identityUniversalAuth,identityUniversalAuth.remove,universal-auth-implemented--implemented-identityuniversalauth-remove
universal-auth/update.mdx,PATCH,/api/v1/auth/universal-auth/identities/{identityId},implemented,identityUniversalAuth,identityUniversalAuth.update,universal-auth-implemented--implemented-identityuniversalauth-update
users/me.mdx,GET,/api/v2/users/me,intentionally_omitted,users,users.read,users-omitted
users/my-organizations.mdx,GET,/api/v2/users/me/organizations,intentionally_omitted,users,users.read,users-omitted
